Morphology,Phase ,Ni ,Co ,Fe ,Al ,Mo ,Zn ,Mn ,Cr ,Cu,Mg,Nb,Sn,B,Ga,Al,Fe,Zn,La,WE
3,4,0,0,0.13,0,0,0,0,0.15,0.21,0,0.27,0.24,0,0,0,0,0,0,5
7,3,0.24,0,0,0.21,0.29,0,0,0,0,0.26,0,0,0,0,0.31,0.18,0.17,0.34,8
1,3,0,0.17,0,0,0.35,0.15,0,0,0,0,0,0,0,0.33,0.21,0.2,0.31,0.28,7
3,4,0,0.24,0,0.31,0,0,0,0,0,0.2,0,0,0.25,0,0,0,0,0,3
4,4,0,0.22,0,0,0,0,0.28,0.17,0,0.16,0,0.17,0,0,0,0,0,0,7
3,3,0,0.16,0.19,0,0,0,0,0.15,0.15,0,0,0,0,0.35,0.22,0.17,0.25,0.36,8
4,3,0.14,0,0,0,0,0.24,0,0,0,0,0.17,0,0.19,0.26,0.25,0.11,0.33,0.31,7
4,5,0.14,0,0.22,0.14,0,0,0,0.28,0,0,0,0.22,0,0,0,0,0,0,4
5,4,0.11,0,0,0,0.25,0.23,0.18,0,0,0,0,0,0,0.23,0,0,0,0,3
2,0,0,0.16,0.24,0,0,0,0,0,0,0.27,0,0.15,0,0.18,0,0,0,0,3
1,2,0,0,0,0.34,0,0,0,0,0.16,0,0,0,0.27,0.23,0,0,0,0,4
7,1,0,0,0.1,0,0,0,0.27,0,0,0.22,0,0,0.18,0.23,0.64,0.45,0.32,0.59,2
6,5,0,0.16,0.18,0.21,0,0,0,0.2,0,0,0.25,0,0,0,0,0,0,0,3
7,1,0,0.13,0.16,0,0,0,0,0,0.27,0,0.23,0,0,0.21,0.53,0.61,0.41,0.45,1
1,5,0.21,0,0,0,0,0,0,0,0.24,0.18,0,0.15,0.22,0,0,0,0,0,6
1,4,0,0.3,0,0,0.14,0,0.31,0,0.25,0,0,0,0,0,0,0,0,0,5
7,4,0.26,0,0,0.27,0.3,0,0,0,0,0,0,0,0.17,0,0,0,0,0,2
2,3,0,0,0,0,0.18,0,0,0,0.19,0.3,0,0,0,0.33,0.37,0.09,0.2,0.34,1
3,4,0,0.38,0,0,0,0.21,0,0,0,0,0.2,0,0.21,0,0,0,0,0,8
3,4,0,0,0,0.22,0,0,0,0.24,0,0.31,0,0.23,0,0,0,0,0,0,4
6,1,0,0,0,0,0.22,0.22,0.26,0,0,0,0.3,0,0,0,0.71,0.76,0.29,0.24,2
1,2,0.2,0.31,0,0,0.26,0,0,0,0,0,0,0,0,0.23,0,0,0,0,5
1,3,0.18,0,0.32,0.19,0,0,0,0,0,0,0,0.31,0,0,0.14,0.47,0.17,0.22,8
6,3,0.21,0,0,0,0.3,0,0,0,0,0,0.33,0,0.16,0,0.3,0.35,0.15,0.2,7
7,2,0.22,0.24000000000000002,0,0,0,0,0,0.17,0,0.19,0,0,0,0.18,0,0,0,0,4
1,4,0,0,0.14,0,0,0.16,0,0,0,0.24,0.22,0,0.24,0,0,0,0,0,6
7,3,0.28,0.22,0,0.18,0,0,0,0,0,0,0.19,0.13,0,0,0.19,0.08,0.36,0.37,7
1,4,0.19,0,0.16,0,0,0,0,0.29,0,0,0.36,0,0,0,0,0,0,0,3
4,1,0.28,0.09,0,0,0,0,0,0.16,0.24,0,0,0.23,0,0,0.39,0.65,0.44,0.52,1
3,0,0,0.16,0,0,0.16,0,0.26,0,0.21,0,0,0,0.21,0,0,0,0,0,2
2,4,0,0.22,0.27,0.27,0.14,0,0,0,0,0.1,0,0,0,0,0,0,0,0,5
5,1,0,0,0,0.34,0,0.3,0,0.18,0,0,0,0.18,0,0,0.7,0.38,0.59,0.33,3
3,0,0.22,0.22999999999999998,0.23,0,0,0.17,0,0,0,0,0,0,0.15,0,0,0,0,0,8
5,5,0.16,0,0,0,0,0.21,0.19,0,0,0,0,0.18,0.26,0,0,0,0,0,3
6,2,0,0,0,0.31,0,0,0,0,0,0.17,0,0.29,0,0.23,0,0,0,0,2
7,1,0,0,0,0.4,0,0,0,0.21,0.18,0,0,0,0.21,0,0.24,0.59,0.39,0.78,3
3,0,0,0,0.29,0,0,0,0.13,0,0.31,0.27,0,0,0,0,0,0,0,0,1
2,4,0,0,0,0.13,0,0.23,0,0,0.25,0.19,0,0,0,0.2,0,0,0,0,2
4,5,0,0.14,0,0.31,0,0,0,0,0.24,0,0,0.31,0,0,0,0,0,0,6
7,1,0,0,0.17,0.19,0.12,0,0.16,0,0,0,0,0,0,0.36,0.63,0.67,0.21,0.49,4
7,4,0,0,0.22,0,0,0,0,0,0.25,0.18,0.35000000000000003,0,0,0,0,0,0,0,5
3,2,0,0,0,0.18,0.23,0,0,0.33,0,0,0,0.26,0,0,0,0,0,0,6
7,3,0,0.13,0.16,0,0.21,0,0,0,0.26,0,0,0,0.24,0,0.26,0.39,0.22,0.13,7
6,3,0,0.25,0,0,0,0,0,0.16,0.19,0,0.2,0,0.2,0,0.2,0.13,0.3,0.37,5
2,4,0,0,0.3,0,0,0.22,0,0,0,0,0.2,0,0.28,0,0,0,0,0,4
5,1,0,0.2,0.22,0,0,0.23,0.22999999999999998,0,0,0,0,0,0.12,0,0.41,0.54,0.41,0.64,1
5,5,0.13,0,0,0,0,0.22,0,0.25,0,0,0.2,0,0.2,0,0,0,0,0,8
2,4,0,0.15,0,0,0,0.16,0,0.28,0,0,0,0.26,0.15,0,0,0,0,0,8
3,3,0.28,0,0.21,0,0,0.12,0.26,0,0,0,0,0,0,0.13,0.39,0.12,0.28,0.21,5
2,5,0,0.19,0,0.22,0,0.28,0,0,0,0.17,0,0,0,0.14,0,0,0,0,6
4,0,0,0,0,0.36,0.21,0,0,0,0.16,0,0.27,0,0,0,0,0,0,0,5
7,0,0.23,0,0,0,0.27,0,0.19,0,0.31,0,0,0,0,0,0,0,0,0,7
5,2,0.25,0,0,0,0,0.19,0,0.25,0.31,0,0,0,0,0,0,0,0,0,2
7,1,0,0.19,0,0.13,0.21,0,0,0,0.21,0,0,0.26,0,0,0.54,0.21,0.5,0.75,2
6,4,0.13,0,0.23,0,0,0,0.38,0,0,0,0.26,0,0,0,0,0,0,0,6
7,5,0,0,0,0,0,0,0.24,0,0,0.19,0.24,0.33,0,0,0,0,0,0,2
5,1,0,0,0,0.31,0.14,0,0.23,0.32,0,0,0,0,0,0,0.42,0.17,0.71,0.7,5
6,4,0.22,0,0,0.29,0,0,0,0,0.25,0,0.12,0,0.12,0,0,0,0,0,7
1,0,0,0,0,0,0.28,0,0,0.3,0.28,0,0,0,0,0.14,0,0,0,0,1
3,1,0,0,0.23,0.19,0.3,0,0,0,0,0.12,0,0,0,0.16,0.22,0.57,0.8,0.41,7
3,2,0.33,0.18,0.2,0,0,0,0.29,0,0,0,0,0,0,0,0,0,0,0,8
4,1,0.31,0,0,0,0.2,0,0,0.16,0.33,0,0,0,0,0,0.28,0.22,0.85,0.65,4
5,4,0.34,0,0,0,0,0,0.27,0,0.25,0,0,0.14,0,0,0,0,0,0,8
2,5,0.3,0,0,0,0.23,0,0.22,0,0,0,0,0.25,0,0,0,0,0,0,3
3,1,0.3,0,0.35,0,0,0,0.22,0.13,0,0,0,0,0,0,0.22,0.71,0.36,0.71,1
7,0,0.2,0,0.24,0,0.18,0,0,0,0,0.25,0,0,0.13,0,0,0,0,0,6
2,3,0,0,0,0.2,0,0.23,0.22,0,0,0.17,0,0,0.18,0,0.39999999999999997,0.17,0.29,0.14,8
7,1,0,0,0,0,0,0.29,0,0.2,0,0,0,0,0.2,0.31,0.6,0.57,0.51,0.32,1
7,1,0,0,0,0,0.21,0,0.25,0.16,0,0,0,0.25,0,0.13,0.58,0.73,0.45,0.24,7
6,4,0,0,0,0.37,0,0,0,0.24,0,0,0,0.17,0,0.22,0,0,0,0,1
4,4,0.25,0,0.23,0,0,0,0.18,0,0.33999999999999997,0,0,0,0,0,0,0,0,0,5
3,2,0,0,0.21,0,0,0,0.19,0.22,0,0,0,0.22999999999999998,0.15,0,0,0,0,0,8
3,4,0.31,0.16,0,0,0,0,0.24,0.16,0,0,0.13,0,0,0,0,0,0,0,8
7,0,0,0,0.19,0,0.3,0.22,0,0,0,0,0.29,0,0,0,0,0,0,0,1
2,5,0,0,0,0,0.33999999999999997,0,0,0,0.24,0.2,0,0,0.22,0,0,0,0,0,2
3,0,0,0,0,0.23,0.23,0,0,0,0.11,0,0.18,0.25,0,0,0,0,0,0,7
4,2,0,0,0,0.33,0.17,0,0,0,0.17,0,0,0,0.33,0,0,0,0,0,3
3,0,0,0,0.14,0,0.21,0,0,0.12,0,0,0.24,0,0.29,0,0,0,0,0,8
1,5,0,0,0.22,0.23,0,0.16,0,0.27,0,0,0.12,0,0,0,0,0,0,0,6
7,2,0,0,0,0,0.19,0,0,0,0.21,0.27,0,0,0,0.33,0,0,0,0,8
3,3,0.23,0,0,0.18,0,0.15,0.29000000000000004,0,0,0,0,0,0.15,0,0.28,0.11,0.41,0.2,3
4,1,0,0.26,0,0.12,0,0,0,0,0.26,0.25,0,0,0,0.11,0.71,0.29,0.4,0.6,7
1,1,0.25,0,0,0,0,0.18,0,0,0,0.35,0,0,0,0.22,0.77,0.32,0.6,0.31,1
7,5,0,0,0,0,0.25,0.22,0,0,0.17,0,0,0.1,0.26,0,0,0,0,0,7
1,5,0,0,0,0,0,0.39,0,0.14,0,0,0.31,0,0.16,0,0,0,0,0,5
6,0,0,0,0,0.14,0,0,0,0.16,0.33,0,0,0,0,0.37,0,0,0,0,1
5,4,0,0,0.3,0,0,0,0,0.26,0,0.17,0.27,0,0,0,0,0,0,0,4
3,4,0,0,0,0,0.28,0.27,0.15,0,0,0,0.11,0.19,0,0,0,0,0,0,6
2,5,0.18,0,0,0,0,0.25,0.35,0,0,0,0,0,0,0.22,0,0,0,0,1
2,1,0,0,0,0,0,0.23,0,0.18,0.36,0,0,0.23,0,0,0.48,0.32,0.72,0.48,7
6,3,0.31,0,0,0,0.2,0,0.22,0.27,0,0,0,0,0,0,0.21,0.25,0.29,0.25,1
5,5,0.2,0,0,0.3,0.25,0,0,0,0.13,0,0,0,0.12,0,0,0,0,0,4
7,2,0,0,0,0.14,0,0,0,0.17,0.12,0.25,0,0,0,0.32,0,0,0,0,8
7,4,0.26,0,0,0,0.14,0,0,0.35,0,0,0,0,0.25,0,0,0,0,0,7
7,4,0,0.26,0,0,0,0.19,0.15,0.16,0,0,0,0,0.24,0,0,0,0,0,1
3,1,0,0.3,0,0,0.21,0,0.17,0.13,0.19,0,0,0,0,0,0.58,0.28,0.46,0.68,5
3,0,0,0.21,0.13,0,0.28,0,0,0.24,0,0,0,0.14,0,0,0,0,0,0,8
3,0,0,0,0.16,0,0,0.13,0,0,0,0.26,0,0.22,0,0.23,0,0,0,0,4
6,5,0,0,0,0,0,0,0.32,0.2,0.3,0,0,0,0,0.18,0,0,0,0,4
6,4,0,0.22,0,0,0,0,0.29,0.14,0.25,0,0,0,0,0.1,0,0,0,0,7
4,1,0,0,0,0,0.25,0,0.22,0,0.21,0,0,0.09,0,0.23,0.55,0.5,0.25,0.7,1
6,1,0,0,0,0.19,0.21,0.14,0,0,0,0.24,0,0.22,0,0,0.48,0.2,0.71,0.61,3
3,4,0,0,0,0,0,0.25,0,0.22,0.27,0.26,0,0,0,0,0,0,0,0,3
3,2,0.29,0.18,0,0,0.16,0,0,0,0,0,0,0.15,0.22,0,0,0,0,0,5
6,2,0,0.26,0,0.2,0,0.22,0.16,0,0,0,0.16,0,0,0,0,0,0,0,2
3,4,0,0.34,0,0,0.25,0,0.21,0,0,0.2,0,0,0,0,0,0,0,0,1
6,5,0,0,0.28,0,0,0.22,0,0,0.17,0,0,0.22,0,0.11,0,0,0,0,4
5,3,0,0.24,0,0,0.19,0,0,0.12,0,0.21,0,0.24,0,0,0.07,0.27,0.35,0.31,2
7,4,0,0,0,0.34,0,0.21,0,0,0,0,0.21,0,0,0.24,0,0,0,0,1
2,0,0,0,0,0.16,0,0,0,0,0,0.21,0,0.33,0.16,0.14,0,0,0,0,2
2,0,0,0,0,0,0.28,0.25,0.14,0.13,0,0,0.2,0,0,0,0,0,0,0,5
2,0,0,0,0,0.3,0,0.2,0,0.35,0,0,0,0.15,0,0,0,0,0,0,2
6,2,0,0,0.17,0.26,0.27,0,0.15,0,0.15,0,0,0,0,0,0,0,0,0,7
6,4,0,0.28,0.13,0,0.28,0,0,0,0.15,0.16,0,0,0,0,0,0,0,0,7
4,2,0,0.27999999999999997,0,0,0.27,0,0,0,0,0,0,0.2,0,0.25,0,0,0,0,5
2,4,0.09,0.23,0,0.23,0,0,0,0.24,0,0,0,0.21,0,0,0,0,0,0,5
6,1,0.27,0,0.17,0,0,0,0,0,0,0,0.15,0.23,0,0.18,0.62,0.54,0.25,0.59,1
2,2,0.21,0,0.26,0,0,0,0.26,0.16,0,0,0,0,0.11,0,0,0,0,0,1
5,4,0,0,0,0,0,0.14,0.18,0.28,0.21,0,0,0.19,0,0,0,0,0,0,3
6,4,0,0.21,0.15,0,0,0,0,0,0,0,0.29000000000000004,0,0.18,0.17,0,0,0,0,8
7,0,0,0.35,0,0,0,0,0,0.15,0.33,0,0.17,0,0,0,0,0,0,0,8
3,0,0.36,0,0.15,0,0,0,0,0,0,0.14,0.21,0.14,0,0,0,0,0,0,7
5,5,0,0.22,0,0,0.33,0,0,0,0.22,0,0,0,0,0.23,0,0,0,0,4
6,5,0.27,0,0,0.16,0,0.22,0,0.15,0,0,0,0.2,0,0,0,0,0,0,4
4,4,0,0,0,0.15,0,0,0,0.28,0,0,0.28,0,0,0.29,0,0,0,0,4
2,0,0,0,0,0,0.2,0.21,0.13,0,0,0,0.25,0,0,0.21,0,0,0,0,8
4,3,0,0,0,0,0,0,0,0.25,0.1,0,0,0.2,0.17,0.28,0.13,0.35,0.25,0.27,2
6,4,0,0,0,0,0,0.13,0,0,0.19,0,0,0.27,0.15,0.26,0,0,0,0,3
5,0,0,0,0.34,0,0,0,0.27,0.16,0.23,0,0,0,0,0,0,0,0,0,4
7,2,0.14,0.19,0,0.25,0,0,0,0,0,0.17,0,0.25,0,0,0,0,0,0,1
5,1,0.1,0,0,0.27,0,0,0.27,0,0.15,0,0,0,0,0.21,0.42,0.4,0.91,0.27,8
5,3,0,0,0.13,0,0,0.34,0,0,0,0.29,0,0.24,0,0,0.28,0.25,0.21,0.26,3
2,4,0.22,0.17,0.18,0.22,0,0,0,0,0,0,0.21,0,0,0,0,0,0,0,1
1,0,0.25,0,0,0,0,0.25,0,0,0,0,0.33,0.17,0,0,0,0,0,0,5
3,1,0,0,0,0.19,0,0.28,0.31,0,0,0,0,0.11,0.11,0,0.54,0.37,0.55,0.54,5
4,5,0,0,0,0,0.27,0,0.28,0,0.28,0.17,0,0,0,0,0,0,0,0,7
1,0,0,0,0,0,0,0.18,0,0,0.31,0.2,0,0,0.31,0,0,0,0,0,4
3,3,0,0,0.13,0.11,0,0,0,0,0,0,0.21,0.24,0,0.31,0.3,0.21,0.13,0.36,5
7,4,0,0,0,0,0,0.21,0,0,0.19,0.32,0,0,0.28,0,0,0,0,0,7
5,4,0,0.23,0,0.29,0,0,0,0,0.32,0,0,0,0.16,0,0,0,0,0,2
5,2,0,0,0.26,0,0,0,0,0,0,0.27,0.26,0,0,0.21,0,0,0,0,3
7,1,0,0.38,0,0,0.29,0,0,0,0.15,0,0,0.18,0,0,0.51,0.47,0.57,0.45,2
7,3,0,0.23,0.31,0.17,0,0.15,0,0,0,0,0.14,0,0,0,0.15,0.45,0.14,0.26,8
7,2,0,0.29,0,0,0,0.18,0,0,0.29,0.24,0,0,0,0,0,0,0,0,1
2,5,0.27,0,0,0.21,0,0,0,0,0,0.22,0,0,0.17,0.13,0,0,0,0,2
3,0,0,0.24,0,0,0,0.31,0,0,0.2,0.13,0,0.12,0,0,0,0,0,0,6
6,5,0.22,0,0,0,0.34,0,0.2,0,0,0,0,0,0,0.24,0,0,0,0,5
1,1,0,0,0.28,0,0,0,0,0,0,0.2,0.16,0.12,0.24,0,0.56,0.48,0.36,0.6,3
2,4,0.26,0.26,0,0,0,0,0,0.18,0,0.3,0,0,0,0,0,0,0,0,6
5,3,0,0,0.2,0,0.24,0,0.13,0.31,0,0,0.12,0,0,0,0.16,0.29,0.28,0.27,6
6,3,0,0,0.18,0,0.25,0,0.18,0,0.12,0,0,0,0.27,0,0.31,0.26,0.27,0.16,8
4,5,0,0,0,0.35,0,0.15,0.21,0,0,0,0,0.29,0,0,0,0,0,0,7
4,0,0.32,0,0,0,0.23,0.13,0,0,0,0,0,0,0.2,0.12,0,0,0,0,6
6,4,0,0.18,0,0,0.21,0,0,0.3,0.31,0,0,0,0,0,0,0,0,0,4
1,3,0,0,0,0,0,0.24,0.24,0.34,0,0,0,0,0,0.18,0.16,0.3,0.18,0.36,4
4,3,0,0.23,0,0,0.33,0,0,0,0,0.27,0,0,0,0.17,0.27,0.22,0.25,0.26,1
1,3,0.22,0.34,0,0,0,0,0,0,0.21,0,0,0.23,0,0,0.19,0.28,0.34,0.19,8
6,1,0,0,0,0,0,0,0,0,0.28,0.21,0.25,0,0.26,0,0.57,0.61,0.26,0.56,6
2,4,0,0,0,0,0,0,0,0.31,0.16,0,0,0,0.21,0.32,0,0,0,0,3
7,1,0,0,0,0.14,0.31,0,0.2,0,0,0,0.35,0,0,0,0.72,0.64,0.4,0.24,2
1,2,0,0,0.28,0.27,0,0,0,0,0,0,0.16,0,0,0.29,0,0,0,0,3
2,5,0.11,0,0,0,0,0,0.19,0,0,0.24,0,0,0.25,0.21,0,0,0,0,4
1,5,0,0,0,0,0.14,0,0.26,0,0.18,0,0,0.14,0,0.28,0,0,0,0,3
4,5,0,0.26,0,0,0.38,0,0,0,0,0,0,0,0.19,0.17,0,0,0,0,4
4,4,0.16,0.16,0,0,0.18,0,0,0,0.26,0,0,0,0.24,0,0,0,0,0,3
7,1,0,0,0,0.25,0,0.33,0,0,0,0,0,0.23,0,0.19,0.3,0.68,0.43,0.59,3
6,0,0.19,0,0,0,0,0,0.33999999999999997,0.2,0.27,0,0,0,0,0,0,0,0,0,4
5,3,0,0,0,0,0,0,0,0.16,0.24,0,0,0.13,0.25,0.22,0.18,0.28,0.31,0.23,2
1,2,0,0,0,0,0,0,0,0,0.25,0,0,0.18,0.26,0.31,0,0,0,0,6
2,0,0,0,0,0.27,0,0,0.23,0.24,0,0,0,0,0,0.26,0,0,0,0,1
1,1,0.18,0.27,0.17,0.19,0.19,0,0,0,0,0,0,0,0,0,0.43,0.48,0.6,0.49,1
5,5,0,0.17,0.22,0,0,0,0.39,0.22,0,0,0,0,0,0,0,0,0,0,3
2,5,0,0.26,0,0,0,0,0,0.11,0.25,0,0,0.14,0,0.24,0,0,0,0,8
1,2,0,0.27,0,0,0.09,0,0,0,0,0,0.11,0,0.25,0.28,0,0,0,0,8
1,0,0.27,0,0.24,0,0,0,0,0,0.18,0,0.31,0,0,0,0,0,0,0,7
1,0,0,0,0,0.16,0,0.39,0,0.14,0,0,0.31,0,0,0,0,0,0,0,4
5,3,0,0,0.3,0,0,0.2,0,0,0,0.21,0,0,0.29,0,0.33,0.1,0.29,0.28,8
6,3,0,0.12,0,0,0,0,0.31,0,0.22,0.14,0,0,0.21,0,0.09,0.33,0.26,0.32,2
2,3,0,0.27,0,0,0.16,0.18,0,0,0,0,0.19,0,0.2,0,0.11,0.41000000000000003,0.31,0.17,6
3,3,0,0,0,0,0,0,0,0.24,0,0.25,0.12,0,0.26,0.13,0.17,0.2,0.36,0.27,3
1,1,0,0.16,0,0,0,0,0,0.19,0.21,0.27,0,0,0.17,0,0.42,0.85,0.39,0.34,6
5,4,0,0,0,0,0.27,0,0,0.27,0,0.16,0.3,0,0,0,0,0,0,0,7
3,4,0,0,0.19,0.17,0,0.23,0,0.11,0,0,0,0,0.3,0,0,0,0,0,3
1,5,0.26,0,0,0.1,0,0,0.15,0,0,0,0.25,0,0.24,0,0,0,0,0,5
6,4,0.28,0.27,0,0,0,0,0,0,0,0.33,0,0,0,0.12,0,0,0,0,4
3,1,0,0,0,0,0.21,0,0,0,0.22,0.1,0.22,0.25,0,0,0.37,0.64,0.32,0.67,4
3,4,0,0.17,0.25,0,0,0,0,0.16,0.2,0,0.22,0,0,0,0,0,0,0,2
2,0,0,0,0,0,0,0.19,0,0,0,0.19,0.29,0,0,0.33,0,0,0,0,4
3,2,0,0,0,0,0.26,0,0.3,0.18,0.26,0,0,0,0,0,0,0,0,0,8
7,3,0,0,0.23,0,0.38,0,0,0,0,0.19,0,0,0,0.2,0.19,0.27,0.26,0.28,5
4,2,0,0,0.16,0,0,0,0.26,0,0,0.15,0,0.14,0,0.29,0,0,0,0,4
4,0,0,0,0,0,0.17,0.27,0.36,0.2,0,0,0,0,0,0,0,0,0,0,3
1,2,0,0,0.26,0.15,0,0.29,0,0,0,0,0,0.3,0,0,0,0,0,0,5
1,0,0.23,0,0.26,0.2,0.16,0,0,0,0,0,0,0.15,0,0,0,0,0,0,1
4,5,0,0,0,0,0,0.31,0,0,0.3,0,0.26,0.13,0,0,0,0,0,0,8
6,1,0,0.12,0.22,0,0.12,0,0,0,0,0.26,0,0,0,0.28,0.25,0.33,0.73,0.69,6
3,0,0.25,0.26,0,0,0,0.12,0,0,0.19,0.18,0,0,0,0,0,0,0,0,5
6,3,0.21,0,0,0.3,0,0,0.26,0,0,0,0,0,0.11,0.12,0.11,0.23,0.33999999999999997,0.32,7
1,1,0,0,0,0,0.19,0.3,0,0,0,0,0,0.13,0.25,0.13,0.43,0.31,0.79,0.47,3
7,2,0,0,0.32,0,0,0.24,0,0.27,0,0,0,0.17,0,0,0,0,0,0,3
4,2,0.27999999999999997,0,0,0,0.28,0,0,0.24,0,0,0,0,0.2,0,0,0,0,0,1
5,5,0.3,0,0.23,0,0,0,0,0,0,0.19,0,0,0,0.28,0,0,0,0,7
7,5,0,0.26,0,0.11,0,0,0,0,0,0.22,0,0.25,0.16,0,0,0,0,0,8
6,5,0,0,0.23,0.16,0,0.26,0,0,0.35,0,0,0,0,0,0,0,0,0,2
5,0,0,0.25,0,0,0,0,0.27,0,0,0.19,0,0.13,0,0.16,0,0,0,0,5
5,1,0,0,0,0.15,0,0,0.27,0,0,0,0.16,0.25,0.17,0,0.36,0.63,0.73,0.28,8
3,5,0,0.25,0.22,0.12,0,0,0,0.24,0,0,0,0,0,0.17,0,0,0,0,1
7,4,0,0,0,0,0.39,0.14,0.17,0.3,0,0,0,0,0,0,0,0,0,0,7
3,3,0,0,0.19,0,0.37,0,0,0,0,0,0.23,0.21,0,0,0.19,0.17,0.3,0.34,7
5,4,0,0,0,0,0.17,0,0,0.2,0,0.18,0,0,0.19,0.26,0,0,0,0,7
4,1,0,0,0,0,0.37,0.14,0.33,0,0,0,0.16,0,0,0,0.62,0.45,0.35,0.58,5
6,3,0,0,0.23,0,0,0.14,0,0.29,0,0.16,0,0.18,0,0,0.39,0.24,0.2,0.17,6
4,5,0,0,0,0,0,0,0,0,0.21,0,0,0.2,0.31,0.28,0,0,0,0,8
2,1,0,0.23,0,0,0,0.38,0,0,0.15,0.24,0,0,0,0,0.68,0.44,0.6799999999999999,0.2,4
6,3,0,0,0.2,0.31,0,0,0,0.25,0.24,0,0,0,0,0,0.12,0.37,0.32,0.19,4
4,1,0,0,0,0.14,0.12,0,0.25,0,0.23,0,0,0,0,0.26,0.5,0.22,0.57,0.71,4
1,3,0.21,0,0,0,0,0.27,0,0,0,0,0.17,0.35,0,0,0.13,0.32,0.38,0.17,2
5,4,0,0,0.27,0,0,0,0,0.24,0.21,0.16,0,0.12,0,0,0,0,0,0,4
2,0,0.16,0,0,0,0,0.35,0.16,0,0,0,0,0,0.33,0,0,0,0,0,4
2,2,0.12,0,0.2,0,0,0.21,0.14,0,0,0,0,0,0,0.33,0,0,0,0,6
3,3,0,0,0.23,0,0,0.25,0.23,0,0.29000000000000004,0,0,0,0,0,0.42,0.13,0.3,0.15,3
1,3,0.33,0.23,0.25,0,0,0.19,0,0,0,0,0,0,0,0,0.23,0.07,0.36,0.34,5
2,3,0,0,0,0.2,0,0,0.16,0,0,0.28,0,0.36,0,0,0.27,0.37,0.13,0.23,4
2,5,0,0,0.38,0.18,0,0,0,0.22,0,0,0,0,0,0.22,0,0,0,0,1
4,0,0,0,0.14,0.27,0,0,0,0,0,0.21,0,0.24,0.14,0,0,0,0,0,2
1,0,0,0.27,0,0.11,0,0.15,0,0,0.24,0,0,0,0,0.23,0,0,0,0,1
3,3,0,0,0,0,0,0,0,0.14,0,0.21,0,0.16,0.26,0.23,0.23,0.17,0.38,0.22,7
2,2,0.23,0,0.15,0,0,0,0,0,0,0.25,0.2,0,0.17,0,0,0,0,0,3
3,4,0,0,0.13,0.24,0,0.23,0,0.15,0,0.25,0,0,0,0,0,0,0,0,6
2,0,0.19,0,0.28,0,0,0,0.21,0.21,0.11,0,0,0,0,0,0,0,0,0,8
7,0,0,0,0,0.16,0.29000000000000004,0,0,0,0,0,0.12,0,0.23,0.2,0,0,0,0,3
4,4,0,0.15,0.31,0,0,0.26,0,0,0,0.28,0,0,0,0,0,0,0,0,1
7,0,0,0,0,0.21,0,0,0.32,0,0.22,0.25,0,0,0,0,0,0,0,0,5
3,3,0,0.12,0,0,0.23,0.34,0,0.17,0.14,0,0,0,0,0,0.36,0.12,0.32,0.2,5
1,1,0,0.26,0.23,0,0.22,0,0,0,0,0,0,0.29,0,0,0.4,0.27,0.48,0.85,5
7,4,0.26,0,0,0,0,0,0,0.39,0.17,0,0,0,0.18,0,0,0,0,0,6
3,1,0,0,0,0,0,0.3,0.2,0.34,0,0,0,0.16,0,0,0.71,0.72,0.18,0.39,8
6,2,0,0.13,0,0,0,0.32,0,0.13,0.29,0,0,0,0.13,0,0,0,0,0,5
5,3,0.21,0,0.21,0,0,0,0,0,0.21,0,0,0,0,0.37,0.25,0.13,0.31,0.31,6
1,3,0.26,0,0,0,0,0,0,0.31,0,0.3,0,0,0.13,0,0.17,0.32,0.15,0.36,4
5,1,0.21,0,0,0,0.11,0,0,0,0.24,0.21,0.22999999999999998,0,0,0,0.37,0.73,0.47,0.43,1
7,3,0,0,0,0.22,0,0.3,0,0,0,0.3,0,0,0,0.18,0.37,0.33,0.15,0.15,7
2,1,0,0.29,0.2,0,0.14,0,0,0.16,0,0,0,0,0,0.21,0.38,0.3,0.73,0.59,7
1,5,0,0,0,0.13,0.27,0,0,0,0.21,0.19,0,0,0.2,0,0,0,0,0,5
1,0,0,0.25,0,0.37,0,0,0.16,0,0,0.22,0,0,0,0,0,0,0,0,1
1,2,0,0.24,0.12,0,0,0,0,0.22,0.28,0.14,0,0,0,0,0,0,0,0,2
2,2,0,0.3,0.2,0,0,0,0,0.21,0,0,0,0,0.29,0,0,0,0,0,7
2,5,0.22,0,0,0,0,0.25,0,0,0,0,0,0.17,0,0.36,0,0,0,0,1
3,2,0.12,0,0,0,0.21,0,0,0.35000000000000003,0,0,0.32,0,0,0,0,0,0,0,2
7,1,0,0.16,0,0,0.14,0.38,0,0,0,0,0,0,0,0.32,0.57,0.31,0.65,0.47,3
4,5,0,0.27,0,0,0.32,0,0.15,0,0,0,0,0,0,0.26,0,0,0,0,8
2,5,0,0.18,0,0.43,0,0.23,0,0,0,0,0,0.16,0,0,0,0,0,0,8
4,1,0,0,0,0.25,0,0.25,0,0,0.09,0,0,0.19,0,0.22,0.32,0.21,0.71,0.76,6
5,3,0.34,0,0,0,0,0,0.15,0.16,0,0,0,0,0.35,0,0.18,0.12,0.35,0.35,3
5,3,0,0,0,0.23,0,0,0.19,0,0.22,0,0.25,0,0,0.11,0.18,0.18,0.39,0.25,6
4,5,0.26,0,0,0,0,0.28,0,0,0.26,0,0,0.2,0,0,0,0,0,0,7
1,0,0,0,0,0,0.23,0,0.32,0.27,0,0,0.18,0,0,0,0,0,0,0,8
6,2,0,0.19,0.15,0,0.18,0,0,0,0.16,0.32,0,0,0,0,0,0,0,0,8
7,5,0,0.21,0,0,0.28,0,0.18,0,0,0,0,0.17,0,0.16,0,0,0,0,5
1,3,0,0,0.33,0,0.16,0.27,0,0,0,0,0,0,0,0.24,0.3,0.2,0.15,0.35,8
1,5,0,0.13,0,0.2,0,0.23,0,0.26,0.18,0,0,0,0,0,0,0,0,0,6
6,5,0.33,0.2,0,0.17,0,0,0,0,0,0,0,0.3,0,0,0,0,0,0,1
3,5,0,0,0.18,0.19,0,0.21,0,0,0.16,0,0,0,0,0.26,0,0,0,0,2
6,3,0.29,0,0,0,0,0,0.17,0.19,0,0.35,0,0,0,0,0.24,0.31,0.19,0.26,5
2,1,0,0.38,0,0,0,0,0,0.19,0.27,0,0,0,0,0.16,0.38,0.4,0.8,0.42,8
7,3,0,0,0.32,0.19,0.17,0,0,0,0,0,0,0,0.32,0,0.34,0.23,0.24,0.19,7
5,2,0.24,0,0,0,0.25,0,0.12,0.19,0,0,0,0.2,0,0,0,0,0,0,7
3,4,0,0.2,0.26,0,0,0.14,0,0.14,0,0,0,0.26,0,0,0,0,0,0,2
3,2,0,0,0,0.3,0.31,0,0,0.2,0,0.19,0,0,0,0,0,0,0,0,3
4,2,0.15,0,0,0.29,0,0,0,0.14,0.15,0,0,0,0,0.27,0,0,0,0,1
1,4,0,0,0,0,0.15,0.25,0,0,0.21,0.19,0,0,0.2,0,0,0,0,0,3
6,2,0,0,0,0,0,0.19,0.16,0,0.2,0.25,0,0,0,0.2,0,0,0,0,8
3,5,0.21,0,0,0,0.19,0,0.26,0,0.23,0,0,0,0.11,0,0,0,0,0,7
4,4,0,0,0,0,0,0.27,0,0,0.3,0,0.26,0,0,0.17,0,0,0,0,6
4,3,0,0,0,0.19,0,0,0.24,0.37,0.2,0,0,0,0,0,0.18,0.25,0.32,0.25,6
2,4,0,0,0,0.22,0.16,0,0,0,0,0.2,0,0.21,0,0.21,0,0,0,0,6
5,3,0,0,0.22,0,0,0,0,0,0,0.14,0.38,0,0,0.26,0.39,0.29,0.16,0.16,3
3,2,0,0.15,0,0,0,0,0.13,0.29000000000000004,0,0.15,0.28,0,0,0,0,0,0,0,8
7,2,0,0.23,0,0,0.2,0.22,0.17,0,0,0,0,0.18,0,0,0,0,0,0,2
7,5,0,0,0,0,0.15,0,0,0.28,0.25,0,0.13,0,0.19,0,0,0,0,0,1
3,1,0.23,0,0,0,0.11,0,0,0,0,0,0.24,0.23,0,0.19,0.53,0.28,0.49,0.7,8
5,5,0.17,0,0,0,0.2,0,0,0.24,0.18,0.21,0,0,0,0,0,0,0,0,8
3,0,0.3,0.23,0,0,0,0.35000000000000003,0,0,0,0.12,0,0,0,0,0,0,0,0,1
1,5,0.24,0,0,0,0,0.17,0,0.24,0,0.35,0,0,0,0,0,0,0,0,5
4,2,0,0,0,0,0.21,0.32,0.32,0,0.15,0,0,0,0,0,0,0,0,0,2
1,0,0,0,0.22,0.13,0,0,0.29,0.21,0.15,0,0,0,0,0,0,0,0,0,3
1,5,0,0.23,0.25,0.32,0,0.2,0,0,0,0,0,0,0,0,0,0,0,0,2
7,0,0,0,0.18,0,0,0.23,0,0.11,0,0.23,0.25,0,0,0,0,0,0,0,3
5,2,0.12,0,0.3,0.18,0,0,0,0.13,0,0.27,0,0,0,0,0,0,0,0,6
3,4,0,0,0,0.19,0.18,0,0,0.26,0.24,0,0,0.13,0,0,0,0,0,0,6
6,1,0.23,0,0.15,0.16,0.31,0,0.15,0,0,0,0,0,0,0,0.18,0.71,0.55,0.56,7
2,4,0.21,0.26,0,0,0,0.2,0,0,0,0.11,0,0,0.22,0,0,0,0,0,3
7,0,0,0.17,0,0,0.38,0,0.32,0,0,0.13,0,0,0,0,0,0,0,0,7
5,5,0,0,0.24,0,0,0.13,0,0.28,0.11,0,0,0.24,0,0,0,0,0,0,6
2,4,0,0,0.14,0,0,0.35,0.3,0,0.21,0,0,0,0,0,0,0,0,0,5
4,3,0.24,0.18,0,0.24,0,0,0,0.34,0,0,0,0,0,0,0.12,0.16,0.43,0.29,8
1,5,0.17,0,0.28,0,0,0,0.22,0,0.33,0,0,0,0,0,0,0,0,0,2
7,3,0,0.34,0,0,0,0.22,0.2,0,0.24,0,0,0,0,0,0.12,0.29,0.36,0.23,1
1,5,0,0.25,0.22,0.17,0.19,0,0,0.17,0,0,0,0,0,0,0,0,0,0,1
2,0,0,0,0,0,0.25,0,0.2,0,0.18,0.24,0,0,0.13,0,0,0,0,0,8
5,1,0.25,0,0,0,0,0.21,0,0,0.19,0,0.21,0,0.14,0,0.22,0.81,0.47,0.5,5
4,1,0.24,0.23,0,0.26,0,0,0,0,0.27,0,0,0,0,0,0.32,0.21,0.75,0.72,7
3,4,0,0,0.21,0,0.2,0,0,0.24000000000000002,0,0,0,0.13,0,0.22,0,0,0,0,4
2,2,0,0,0.35,0,0,0.18,0,0,0,0,0,0.2,0.27,0,0,0,0,0,2
5,0,0.16,0.25,0,0.32,0,0,0.13,0,0,0,0,0,0.14,0,0,0,0,0,6
2,2,0,0,0,0,0,0.15,0.33,0,0,0,0,0.21,0,0.31,0,0,0,0,3
5,5,0.29,0,0,0,0.15,0,0,0.19,0,0,0.37,0,0,0,0,0,0,0,2
4,2,0,0,0,0,0.12,0,0,0,0.34,0.3,0.24,0,0,0,0,0,0,0,5
6,5,0,0,0,0,0.35,0.36,0.15,0,0.14,0,0,0,0,0,0,0,0,0,3
6,0,0,0,0.26,0,0.16,0,0,0,0,0,0.28,0,0.3,0,0,0,0,0,8
2,3,0,0,0,0.2,0.27,0,0.14,0,0,0.14,0,0,0,0.25,0.21,0.33,0.24,0.22,3
1,0,0,0.22,0,0.21,0,0,0,0.23,0,0.33999999999999997,0,0,0,0,0,0,0,0,3
7,0,0,0.11,0,0,0.17,0.25,0,0,0,0,0.22,0,0.25,0,0,0,0,0,5
6,2,0,0,0.24,0,0.23,0,0.34,0,0.19,0,0,0,0,0,0,0,0,0,6
3,2,0,0.12,0,0,0,0,0.19,0.12,0,0.27,0,0.3,0,0,0,0,0,0,3
4,3,0.26,0,0,0,0,0,0,0,0.29,0,0.15,0,0.3,0,0.24,0.11,0.34,0.31,4
2,2,0,0,0,0,0,0.14,0.12,0,0,0.28,0.25,0.21,0,0,0,0,0,0,3
4,3,0.27,0.22,0,0,0,0,0,0.31,0.2,0,0,0,0,0,0.33,0.11,0.31,0.25,8
3,0,0,0,0,0.25,0,0.17,0,0,0,0,0.2,0.25,0,0.13,0,0,0,0,3
5,1,0,0,0.15,0,0,0.35,0,0,0,0,0.22,0,0,0.28,0.48,0.49,0.47,0.56,1
1,1,0,0.2,0.3,0.13,0,0.13,0,0.24,0,0,0,0,0,0,0.45,0.57,0.55,0.43,6
6,3,0,0,0,0,0,0.14,0.29,0,0.24,0.16,0,0,0.17,0,0.34,0.18,0.34,0.14,2
2,5,0.17,0,0.25,0.24,0,0,0,0,0,0.22,0,0,0,0.12,0,0,0,0,2
1,5,0,0,0,0,0,0.33,0.16,0.17,0,0,0,0,0,0.34,0,0,0,0,4
2,5,0.16,0,0,0,0,0.17,0,0,0,0.39,0.28,0,0,0,0,0,0,0,1
7,4,0,0,0,0.19,0,0.18,0.32,0.31,0,0,0,0,0,0,0,0,0,0,6
7,2,0.22,0,0,0,0,0,0,0,0,0.25,0.28,0,0.25,0,0,0,0,0,7
7,2,0.23,0.32,0.25,0,0,0,0,0,0,0.2,0,0,0,0,0,0,0,0,3
1,2,0.25,0,0.31,0,0.12,0,0,0,0.2,0,0,0,0.12,0,0,0,0,0,8
7,0,0,0.18,0,0,0,0,0,0.26,0.35,0,0,0.21,0,0,0,0,0,0,2
7,1,0.16,0,0.33,0.14,0,0,0,0,0,0.37,0,0,0,0,0.61,0.24,0.47,0.6799999999999999,4
7,0,0,0.16,0.26,0,0,0,0,0.25,0,0,0,0.33,0,0,0,0,0,0,5
5,0,0.21,0,0,0.23,0.18,0,0.16,0,0,0,0,0,0.22,0,0,0,0,0,8
6,2,0.23,0.2,0,0,0,0,0.22,0,0,0.1,0,0.25,0,0,0,0,0,0,2
5,3,0,0,0,0,0.14,0,0,0.2,0,0,0,0,0.35,0.31,0.43,0.16,0.13,0.28,7
5,4,0.19,0.24,0,0,0,0,0.18,0,0,0.13,0,0,0,0.26,0,0,0,0,7
2,0,0,0.19,0.3,0,0,0,0,0,0,0.21,0,0.3,0,0,0,0,0,0,8
1,5,0,0,0.21,0,0,0,0,0.14,0,0.17,0,0.23,0.25,0,0,0,0,0,5
4,2,0,0.26,0,0.12,0,0.25,0.12,0,0,0.25,0,0,0,0,0,0,0,0,4
2,3,0.21,0,0.21,0.24,0,0,0,0.34,0,0,0,0,0,0,0.35,0.13,0.22,0.3,3
4,4,0.17,0,0.25,0,0,0.2,0,0.15,0.23,0,0,0,0,0,0,0,0,0,4
2,0,0,0.19,0.21,0,0,0,0.23,0.2,0,0.17,0,0,0,0,0,0,0,0,1
6,0,0,0.34,0,0.24,0.22,0,0,0,0,0,0,0.2,0,0,0,0,0,0,4
2,3,0,0,0,0,0,0,0.2,0,0.21,0,0.33,0,0.26,0,0.28,0.16,0.17,0.39,6
7,3,0,0.26,0,0,0.13,0.23,0.14,0,0,0,0,0.24,0,0,0.14,0.16,0.39,0.31,1
6,2,0,0.17,0,0,0,0.41,0.27,0,0,0,0,0,0.15,0,0,0,0,0,3
6,0,0.24,0.14,0.12,0,0,0,0,0,0,0,0.23,0.27,0,0,0,0,0,0,6
4,4,0.09,0,0,0,0,0,0,0,0.18,0.27,0,0.2,0.26,0,0,0,0,0,2
4,0,0,0,0.19,0,0,0.35,0.23,0,0,0,0,0,0.23,0,0,0,0,0,4
4,5,0,0.3,0,0,0,0,0,0,0.18,0.26,0,0.26,0,0,0,0,0,0,4
1,3,0,0,0,0,0.26,0,0.26,0,0,0,0.3,0,0.18,0,0.14,0.26,0.15,0.45,2
3,3,0.23,0.18,0.24,0,0,0.22,0,0,0,0,0.13,0,0,0,0.19,0.37,0.2,0.24,1
5,5,0,0,0.18,0,0,0.27,0,0.27999999999999997,0.27,0,0,0,0,0,0,0,0,0,6
4,1,0,0.1,0,0,0,0,0,0.19,0.2,0,0,0,0.24,0.27,0.29,0.73,0.47,0.51,6
2,3,0,0,0.19,0,0,0,0,0.28,0,0,0,0,0.28,0.25,0.12,0.35,0.21,0.32,1
1,0,0,0,0.18,0.24,0.12,0,0.2,0,0,0,0,0,0.26,0,0,0,0,0,8
2,5,0.17,0.18,0,0,0,0,0.2,0,0.23,0,0.22,0,0,0,0,0,0,0,1
2,1,0,0,0.28,0.3,0,0,0,0.21,0,0.21,0,0,0,0,0.64,0.48,0.18,0.7,4
6,3,0,0,0.22,0,0.22999999999999998,0,0,0,0,0,0.23,0.2,0,0.12,0.23,0.19,0.39,0.19,8
4,0,0,0,0,0.24,0,0.17,0,0,0.23,0,0.36,0,0,0,0,0,0,0,4
6,0,0.2,0,0,0,0,0,0.27,0,0.26,0,0,0,0,0.27,0,0,0,0,7
5,5,0,0.27,0.23,0.29,0,0,0.21,0,0,0,0,0,0,0,0,0,0,0,1
4,1,0,0.21,0,0,0,0,0.33,0.17,0,0,0,0,0.29,0,0.6,0.36,0.61,0.43,2
6,4,0.24,0,0,0,0,0.26,0,0,0,0,0,0,0.27,0.23,0,0,0,0,6
1,0,0,0.18,0.33,0,0,0.31,0,0,0.18,0,0,0,0,0,0,0,0,0,6
4,0,0.26,0,0.17,0,0,0.19,0.25,0,0,0,0,0,0.13,0,0,0,0,0,5
2,5,0,0,0.17,0,0.34,0,0,0,0.18,0.31,0,0,0,0,0,0,0,0,3
3,2,0.23,0,0,0,0,0,0,0.15,0,0.27,0.15,0.2,0,0,0,0,0,0,5
2,1,0.27,0,0,0.22,0.2,0.15,0,0,0,0,0,0.16,0,0,0.68,0.33,0.36,0.63,3
5,4,0,0.27999999999999997,0,0,0.22,0.27,0,0.23,0,0,0,0,0,0,0,0,0,0,3
1,0,0,0,0.26,0,0.14,0.12,0,0,0,0,0.29,0,0,0.19,0,0,0,0,2
4,4,0,0,0,0.29,0,0,0.19,0,0,0.28,0,0,0.24,0,0,0,0,0,8
2,1,0,0,0,0,0,0,0.13,0,0.27,0,0.16,0.27,0,0.17,0.6,0.31,0.58,0.51,1
1,1,0,0,0,0,0.26,0,0.24,0,0,0,0.17,0.14,0,0.19,0.69,0.52,0.52,0.27,2
7,3,0,0.1,0,0.14,0,0.17,0.3,0,0,0,0.29,0,0,0,0.47,0.17,0.16,0.2,8
2,1,0,0,0,0,0,0.26,0.21,0.27,0.26,0,0,0,0,0,0.58,0.36,0.36,0.7,4
5,3,0,0.16,0,0.31,0,0,0,0,0,0,0,0,0.16,0.37,0.36,0.09,0.2,0.35,3
1,0,0,0.3,0.21,0,0,0,0,0,0,0,0,0.15,0.34,0,0,0,0,0,6
7,5,0.18,0.26,0,0,0,0,0.39,0,0,0,0,0,0.17,0,0,0,0,0,6
6,4,0,0,0,0,0.27,0,0,0,0,0,0.19,0.32,0.22,0,0,0,0,0,8
6,2,0.22,0,0,0,0,0.24,0.25,0,0,0.1,0,0.19,0,0,0,0,0,0,4
6,5,0,0,0,0.35,0,0,0,0.18,0.26,0,0,0,0,0.21,0,0,0,0,2
5,4,0,0,0,0,0,0,0.18,0.32,0.22,0,0,0,0,0.28,0,0,0,0,1
4,5,0.24,0,0,0,0,0,0,0.26,0.26,0,0,0,0,0.24,0,0,0,0,7
7,3,0,0.15,0.14,0,0,0,0.22,0,0.24,0,0,0,0,0.25,0.41,0.21,0.24,0.14,1
1,5,0,0,0,0.29,0,0.26,0,0,0,0,0.29,0,0,0.16,0,0,0,0,7
4,1,0,0,0.24,0,0.25,0.25,0,0,0.1,0,0.16,0,0,0,0.35,0.45,0.38,0.82,5
6,0,0,0.2,0,0,0.14,0.34,0,0,0,0,0.32,0,0,0,0,0,0,0,6
3,0,0,0,0.32,0,0,0,0,0.12,0,0,0.16,0.17,0,0.23,0,0,0,0,7
2,2,0,0,0.27,0,0.26,0,0,0,0.24,0.23,0,0,0,0,0,0,0,0,4
5,2,0.13,0.2,0,0,0,0.26,0,0,0,0,0,0.18,0,0.23,0,0,0,0,2
7,4,0.28,0,0,0.14,0,0.28,0,0,0,0,0,0.3,0,0,0,0,0,0,4
7,1,0,0.25,0,0,0,0,0,0,0,0.22,0,0.11,0.2,0.22,0.65,0.48,0.19,0.68,7
4,0,0.18,0.25,0,0,0,0.31,0,0.13,0,0,0.13,0,0,0,0,0,0,0,8
4,1,0,0,0,0,0.26,0.19,0,0,0,0.25,0.3,0,0,0,0.37,0.27,0.71,0.65,3
7,1,0,0.22,0,0.16,0,0,0.4,0,0,0,0,0,0.22,0,0.44,0.57,0.41,0.58,1
1,0,0,0.27,0,0.18,0,0.25,0,0,0,0,0.3,0,0,0,0,0,0,0,3
3,0,0.26,0,0.15,0,0.22,0,0,0,0,0.37,0,0,0,0,0,0,0,0,3
5,0,0.18,0,0,0,0,0,0,0.29000000000000004,0.27,0,0,0,0.26,0,0,0,0,0,8
3,0,0.24,0,0.15,0,0,0.17,0,0,0,0,0,0.2,0,0.24,0,0,0,0,6
2,4,0,0,0.12,0.15,0,0,0,0.23,0.31,0,0.19,0,0,0,0,0,0,0,2
1,4,0,0.15,0,0.22,0.27,0,0.16,0,0,0,0,0,0.2,0,0,0,0,0,6
3,5,0,0,0,0,0,0,0,0.26,0.18,0.15,0,0,0.27,0.14,0,0,0,0,3
4,4,0.25,0,0,0,0,0,0,0.23,0,0,0,0.31,0,0.21,0,0,0,0,6
1,3,0.21,0.22,0,0,0,0,0,0.24,0.15,0,0,0,0,0.18,0.28,0.25,0.1,0.37,2
4,1,0.32,0,0,0,0,0,0.32,0,0,0.22,0,0,0.14,0,0.21,0.77,0.63,0.39,6
3,1,0.31,0.14,0,0,0,0,0.24,0,0.31,0,0,0,0,0,0.62,0.27,0.64,0.47,7
2,4,0,0,0.28,0.16,0,0.23,0.33,0,0,0,0,0,0,0,0,0,0,0,8
6,0,0.25,0.22,0,0.2,0,0.33,0,0,0,0,0,0,0,0,0,0,0,0,8
3,5,0,0,0,0.1,0.21,0,0.27,0,0,0,0,0,0.22,0.2,0,0,0,0,1
2,5,0,0,0,0,0,0,0.15,0,0.21,0,0.14,0.27,0.23,0,0,0,0,0,1
3,0,0.22,0,0,0,0.19,0,0,0,0,0.22,0,0.37,0,0,0,0,0,0,1
1,4,0.13,0.24,0,0,0,0.21,0,0,0,0.2,0,0.22,0,0,0,0,0,0,5
4,3,0,0,0,0.2,0,0.14,0.21,0,0,0.19,0,0.26,0,0,0.5,0.14,0.14,0.22,2
3,4,0,0.26,0,0,0.24,0.22,0,0,0.28,0,0,0,0,0,0,0,0,0,1
6,2,0,0.28,0,0.19,0,0,0,0,0.32,0,0,0.21,0,0,0,0,0,0,1
4,5,0,0,0.18,0,0,0,0,0,0.46,0.18,0,0,0.18,0,0,0,0,0,4
1,2,0.25,0.22,0,0,0,0,0,0,0.26,0,0,0.27,0,0,0,0,0,0,8
3,0,0.22,0,0,0,0,0,0.27,0,0,0,0,0.2,0,0.31,0,0,0,0,8
5,4,0.2,0,0,0.24,0,0,0.29,0,0,0,0,0,0.27,0,0,0,0,0,8
2,5,0,0,0.23,0,0,0,0.22,0,0.14,0.13,0,0,0.28,0,0,0,0,0,2
6,2,0,0.32,0,0,0,0,0,0,0.27,0.2,0.21,0,0,0,0,0,0,0,3
3,0,0,0.21,0.22999999999999998,0,0,0,0.16,0,0,0.2,0,0,0,0.2,0,0,0,0,6
4,5,0,0,0.28,0,0.24,0.11,0.26,0,0,0,0,0,0.11,0,0,0,0,0,6
2,4,0.22,0,0.17,0.26,0.16,0,0,0,0.19,0,0,0,0,0,0,0,0,0,2
6,5,0.25,0.29,0,0,0,0,0,0,0,0.22,0,0,0,0.24,0,0,0,0,5
2,1,0.25,0.21,0,0,0,0,0.18,0,0,0,0,0,0,0.36,0.33,0.38,0.55,0.74,6
7,4,0.11,0.22999999999999998,0.24,0,0,0.23,0.19,0,0,0,0,0,0,0,0,0,0,0,5
6,4,0.18,0,0,0.16,0,0,0,0.17,0.24,0,0,0.25,0,0,0,0,0,0,1
6,5,0,0,0,0.24,0,0,0.25,0,0.24,0,0,0,0,0.27,0,0,0,0,8
6,4,0,0,0,0,0,0.13,0,0.18,0.17,0,0,0.24,0,0.27999999999999997,0,0,0,0,2
3,5,0,0,0,0,0.3,0.21,0,0,0,0,0,0,0.33,0.16,0,0,0,0,4
2,2,0,0.1,0,0.27,0,0,0.18,0,0.26,0,0,0.19,0,0,0,0,0,0,7
6,1,0,0,0,0,0,0.27,0,0.34,0.14,0,0.25,0,0,0,0.74,0.28,0.62,0.36,3
4,4,0.27,0,0,0,0,0,0.18,0,0,0.37,0,0.18,0,0,0,0,0,0,3
4,5,0.25,0,0.12,0,0,0,0,0.17,0,0,0,0,0.27,0.19,0,0,0,0,3
2,2,0.31,0.16,0,0,0,0.25,0.28,0,0,0,0,0,0,0,0,0,0,0,7
7,1,0.12,0.25,0,0,0.22,0,0,0,0,0.26,0,0,0,0.15,0.46,0.56,0.51,0.47,7
7,3,0,0.29,0,0,0,0.18,0,0,0,0,0.29,0,0,0.24,0.38,0.17,0.29,0.16,2
4,5,0,0,0,0,0,0,0.25,0.25,0,0,0,0.26,0,0.24,0,0,0,0,4
7,2,0.18,0,0,0,0.3,0,0,0,0,0,0,0,0.25,0.27,0,0,0,0,2
7,5,0,0.3,0,0,0,0,0.27,0.11,0,0,0,0.32,0,0,0,0,0,0,2
6,3,0,0,0,0,0,0,0,0.22,0.31,0.32,0,0,0,0.15,0.28,0.25,0.31,0.16,2
3,5,0.15,0.17,0.16,0,0,0,0,0,0,0.3,0,0,0.22,0,0,0,0,0,2
7,4,0,0.25,0,0,0,0,0,0,0,0.26,0,0.24,0.25,0,0,0,0,0,5
1,3,0.25,0.23,0,0.16,0.15,0,0,0,0,0.21,0,0,0,0,0.16,0.39,0.11,0.34,4
5,3,0,0,0,0,0,0.24,0.3,0,0,0.16,0,0,0.19,0.11,0.11,0.34,0.23,0.32,8
1,5,0,0.21,0,0,0.17,0.24,0,0,0,0,0,0,0.21,0.17,0,0,0,0,1
2,1,0,0,0,0,0.22,0.32,0,0,0.25,0,0,0.21,0,0,0.19,0.54,0.77,0.5,6
1,0,0.3,0,0.18,0,0,0,0.11,0,0,0.27,0.14,0,0,0,0,0,0,0,3
5,1,0,0,0,0,0.28,0.12,0.25,0,0.15,0,0,0.2,0,0,0.22,0.59,0.55,0.64,2
2,0,0.13,0.22,0.21,0,0,0.24,0.2,0,0,0,0,0,0,0,0,0,0,0,6
6,0,0,0.25,0,0.31,0,0,0.29,0,0,0.15,0,0,0,0,0,0,0,0,5
5,4,0,0,0,0.31,0,0,0,0,0.29,0,0.28,0,0.12,0,0,0,0,0,2
6,1,0,0,0.24,0,0,0,0,0,0.2,0.27,0,0.29,0,0,0.44,0.36,0.49,0.71,6
4,1,0.2,0.26,0,0,0,0,0,0,0,0.29000000000000004,0.25,0,0,0,0.49,0.53,0.71,0.27,3
3,0,0,0,0.21,0,0,0,0,0.3,0,0,0.21,0.28,0,0,0,0,0,0,5
4,3,0,0.25,0,0.15,0,0.2,0,0.18,0,0,0.22,0,0,0,0.33,0.33,0.07,0.27,8
3,5,0.19,0,0,0,0,0,0.26,0,0,0,0,0.29,0.15,0.11,0,0,0,0,1
2,3,0.26,0,0,0,0.29,0,0,0,0,0.19,0,0,0,0.26,0.17,0.33,0.18,0.32,3
7,5,0,0.27,0.25,0,0,0.28,0,0,0.2,0,0,0,0,0,0,0,0,0,6
2,4,0,0,0,0,0,0,0,0.12,0,0,0.29,0.28,0.31,0,0,0,0,0,6
4,0,0,0,0,0,0.26,0.13,0.2,0,0,0.16,0,0,0,0.25,0,0,0,0,1
4,0,0,0,0.16,0,0,0.17,0,0,0,0.16,0.23,0,0,0.28,0,0,0,0,4
7,2,0.26,0.3,0,0,0,0,0,0,0.26,0,0,0,0,0.18,0,0,0,0,8
7,3,0,0.27,0,0,0,0,0,0.2,0.17,0,0,0,0.1,0.26,0.2,0.41,0.11,0.28,4
1,3,0,0,0,0,0,0,0.25,0,0.26,0,0,0.33,0.16,0,0.3,0.24,0.18,0.28,6
1,2,0,0,0.13,0,0.16,0,0,0,0,0.17,0,0.21,0.33,0,0,0,0,0,1
7,0,0.24,0,0,0,0,0,0.19,0.13,0,0,0,0.28,0,0.16,0,0,0,0,6
5,5,0,0.23,0,0,0,0,0,0.32,0,0,0,0.31,0.14,0,0,0,0,0,2
4,3,0,0,0.14,0.18,0,0,0,0.22,0,0,0.19,0,0.27,0,0.24,0.3,0.28,0.18,2
6,1,0,0.21,0,0.21,0,0,0,0.27,0,0,0,0.31,0,0,0.39,0.72,0.58,0.31,1
3,5,0,0,0,0,0.16,0,0,0,0.24,0,0.27,0.33,0,0,0,0,0,0,2
4,0,0.19,0,0,0,0,0,0,0.22,0.21,0,0.16,0.22,0,0,0,0,0,0,2
7,1,0,0,0,0.3,0,0,0.32,0,0.16,0,0,0,0,0.22,0.52,0.53,0.56,0.39,1
1,1,0,0,0.19,0.23,0.32,0,0,0,0,0,0,0,0,0.26,0.45,0.22,0.8200000000000001,0.51,6
5,0,0,0,0.28,0,0,0,0,0,0,0,0,0.35,0.15,0.22,0,0,0,0,8
1,1,0,0,0,0.24,0.14,0,0,0.15,0,0.32,0.15,0,0,0,1.01,0.31,0.38,0.3,5
4,4,0.13,0,0,0,0,0.31,0,0.26,0.3,0,0,0,0,0,0,0,0,0,2
5,5,0,0,0,0,0.28,0.14,0,0,0.26,0.13,0,0,0,0.19,0,0,0,0,8
3,0,0,0,0,0.18,0,0.17,0,0.12,0.22,0,0,0.31,0,0,0,0,0,0,4
7,1,0,0,0,0,0.16,0.14,0.19,0,0,0,0.37,0.14,0,0,0.81,0.28,0.35,0.56,1
4,4,0,0.27,0,0,0,0,0.22,0.29,0,0,0.22,0,0,0,0,0,0,0,7
7,4,0,0,0.21,0,0.22,0.34,0,0,0.23,0,0,0,0,0,0,0,0,0,5
3,3,0,0.22,0,0.22,0,0,0.15,0,0,0,0.21,0,0.2,0,0.21,0.29,0.29,0.21,7
6,5,0,0,0,0,0,0.22,0,0.26,0,0,0.31,0.21,0,0,0,0,0,0,3
1,0,0,0,0.3,0,0.2,0,0.19,0,0,0,0,0,0.31,0,0,0,0,0,2
3,1,0.32,0,0,0.14,0,0,0,0,0.22,0,0.15,0,0,0.17,0.69,0.2,0.54,0.57,7
2,1,0,0.17,0.23,0.24,0,0,0,0,0,0.15,0,0.21,0,0,0.29,0.64,0.54,0.53,3
7,3,0.19,0.3,0,0,0,0.14,0,0.37,0,0,0,0,0,0,0.09,0.2,0.38,0.33,8
1,5,0.15,0.21,0,0,0.29,0,0,0,0,0.2,0,0.15,0,0,0,0,0,0,4
7,3,0,0,0,0.22,0,0,0.22,0,0.21,0.35000000000000003,0,0,0,0,0.32,0.22,0.08,0.38,8
7,2,0.1,0,0.16,0,0,0.17,0,0,0,0,0,0.28,0.29,0,0,0,0,0,8
2,1,0.16,0,0,0,0,0.18,0.33,0,0.33,0,0,0,0,0,0.4,0.44,0.27,0.89,6
6,5,0,0.31,0,0,0,0,0.24,0,0,0.25,0,0.2,0,0,0,0,0,0,6
4,2,0,0,0.15,0,0,0,0.21,0,0,0,0,0.12,0.34,0.18,0,0,0,0,3
3,4,0.17,0,0.18,0,0,0,0.23,0,0,0,0.22,0,0.2,0,0,0,0,0,3
5,2,0,0,0.24,0,0,0,0.21,0.34,0,0,0,0.21,0,0,0,0,0,0,7
4,3,0,0,0,0,0.22,0.2,0,0,0,0,0.32,0,0.26,0,0.46,0.27,0.15,0.12,2
7,2,0,0,0,0,0,0.19,0,0.18,0.21,0.17,0,0,0,0.25,0,0,0,0,3
6,0,0.27,0,0,0,0,0,0.23,0.26,0,0,0,0,0,0.24,0,0,0,0,5
2,0,0,0.22,0,0,0,0,0,0,0.3,0.21,0,0,0.27,0,0,0,0,0,8
6,0,0,0,0.29,0.25,0,0.14,0,0.15,0,0,0,0.17,0,0,0,0,0,0,7
3,0,0,0,0.34,0,0,0.2,0,0,0.26,0,0,0,0,0.2,0,0,0,0,4
6,1,0,0,0.28,0.17,0,0,0,0.14,0.18,0,0,0,0.23,0,0.5,0.43,0.54,0.53,4
2,1,0.28,0.26,0,0,0,0,0,0.19,0,0.27,0,0,0,0,0.59,0.47,0.35,0.59,5
7,2,0,0.27,0,0,0,0,0,0.2,0,0,0,0.29,0.24,0,0,0,0,0,6
2,4,0,0,0,0.28,0,0,0,0.17,0.27,0,0.11,0,0.17,0,0,0,0,0,2
1,2,0,0.2,0.21,0.27,0,0.2,0,0.12,0,0,0,0,0,0,0,0,0,0,7
3,0,0,0,0,0,0,0.18,0.21,0.25,0,0.16,0,0,0.2,0,0,0,0,0,7
2,0,0.18,0.26,0,0.26,0,0.15,0,0,0.15,0,0,0,0,0,0,0,0,0,6
2,3,0.14,0,0,0,0,0.23,0,0.18,0,0,0,0.21,0,0.24,0.11,0.41,0.38,0.1,7
7,3,0,0,0.21,0,0.14,0,0,0.29,0,0,0,0.36,0,0,0.32,0.27,0.25,0.16,4
1,1,0,0,0,0.21,0.18,0,0,0.16,0,0,0,0,0.21,0.24,0.21,0.63,0.78,0.38,5
1,2,0.29,0,0,0,0,0,0,0,0.17,0.29,0,0.25,0,0,0,0,0,0,6
7,1,0,0.15,0,0,0.18,0,0,0,0,0.26,0,0.24,0,0.17,0.54,0.21,0.46,0.79,5
1,0,0,0.17,0,0,0.25,0,0,0,0,0.14,0.3,0.14,0,0,0,0,0,0,5
3,0,0.29,0.18,0,0,0,0.13,0,0.16,0,0,0.24,0,0,0,0,0,0,0,3
1,3,0,0,0,0,0,0,0.34,0.18,0.19,0,0,0,0,0.29,0.15,0.31,0.33,0.21,6
2,3,0.15,0,0,0,0,0.31,0,0,0,0,0.26,0,0.28,0,0.32,0.17,0.25,0.26,1
2,2,0.14,0.25,0,0,0,0,0,0,0.24,0.19,0.18,0,0,0,0,0,0,0,8
6,2,0.19,0,0,0,0,0,0,0,0.19,0,0.36,0.26,0,0,0,0,0,0,4
1,2,0.16,0,0,0,0,0.33,0,0.16,0.21,0,0,0,0.14,0,0,0,0,0,4
1,5,0,0,0,0,0,0,0,0,0.17,0.26,0.22,0.18,0.17,0,0,0,0,0,5
7,2,0,0.3,0,0.22,0,0,0,0,0.26,0,0,0,0,0.22,0,0,0,0,7
4,1,0.21,0,0.22,0,0,0,0,0,0.2,0.2,0.17,0,0,0,0.5,0.65,0.32,0.53,2
5,2,0,0,0.14,0,0,0,0,0.23,0.27,0,0.16,0.2,0,0,0,0,0,0,8
3,5,0,0,0.19,0,0,0,0.12,0.26,0,0.26,0,0.17,0,0,0,0,0,0,3
4,0,0,0.26,0,0.22,0.2,0,0,0,0,0,0.19,0.13,0,0,0,0,0,0,4
4,0,0,0.22,0,0,0,0,0.3,0,0.24,0.24,0,0,0,0,0,0,0,0,5
1,2,0,0,0.26,0,0.27,0,0,0.2,0,0,0,0,0.27,0,0,0,0,0,8
2,2,0,0.21,0.18,0,0.22,0,0.16,0,0,0,0,0,0.23,0,0,0,0,0,6
5,3,0,0,0,0.32,0,0,0,0,0,0.32,0,0,0.23,0.13,0.19,0.38,0.12,0.31,5
4,2,0,0.16,0,0,0,0,0,0,0.2,0,0.25,0.27,0,0.12,0,0,0,0,5
6,5,0.31,0.3,0,0,0,0,0,0,0,0.27,0.12,0,0,0,0,0,0,0,2
7,1,0,0.23,0,0,0,0,0.24,0,0,0,0.27,0.26,0,0,0.26,0.87,0.66,0.21,1
5,2,0,0,0.13,0,0,0.3,0,0,0.27,0,0,0.3,0,0,0,0,0,0,6
3,3,0,0,0,0.27,0,0,0.24,0,0.28,0,0.21,0,0,0,0.28,0.14,0.22,0.36,3
3,0,0,0,0.2,0.38,0,0,0,0,0,0.22,0.2,0,0,0,0,0,0,0,6
5,0,0,0,0.14,0,0.27999999999999997,0,0,0.13,0,0,0.18,0,0.27,0,0,0,0,0,6
6,1,0,0,0,0.3,0,0,0,0.27,0,0,0.26,0,0.17,0,0.18,0.8,0.73,0.29,8
6,0,0,0,0.16,0.14,0,0,0,0,0,0.17,0,0.32,0.21,0,0,0,0,0,3
4,1,0,0.25,0.18,0,0,0.11,0,0,0,0,0.25,0.21,0,0,0.59,0.85,0.18,0.38,4
3,1,0,0,0,0,0,0,0.18,0,0.26,0.25,0.18,0,0.13,0,0.2,0.88,0.43,0.49,7
4,5,0.19,0,0.24,0.21,0.23,0,0,0,0,0.13,0,0,0,0,0,0,0,0,1
6,5,0,0.14,0,0.18,0,0,0.23,0,0.32,0,0.13,0,0,0,0,0,0,0,6
4,3,0,0,0,0.18,0.12,0,0,0,0.24,0,0.24,0,0,0.22,0.31,0.2,0.29,0.2,7
2,0,0,0,0,0,0.4,0,0,0.31,0,0,0,0.15,0,0.14,0,0,0,0,4
5,1,0.32,0,0,0,0,0,0,0,0,0.25,0,0.3,0.13,0,0.68,0.22,0.63,0.47,4
4,5,0.33,0,0,0,0.29,0,0.2,0,0,0,0,0,0.18,0,0,0,0,0,2
2,0,0,0,0.26,0.18,0,0,0,0,0.13,0,0.31,0,0.12,0,0,0,0,0,6
2,5,0,0,0,0.33,0,0,0,0,0.19,0.16,0,0.32,0,0,0,0,0,0,5
1,2,0,0.25,0,0,0,0,0,0,0,0.26,0.27999999999999997,0,0,0.21,0,0,0,0,1
7,5,0,0.15,0.17,0,0,0.25,0.29,0,0,0.14,0,0,0,0,0,0,0,0,6
2,0,0.26,0,0.12,0,0,0.25,0,0.19,0,0,0,0.18,0,0,0,0,0,0,6
1,1,0,0.33,0.2,0,0,0,0,0,0.11,0,0,0.13,0.23,0,0.81,0.35,0.53,0.31,5
6,0,0,0,0.22,0,0.27,0,0.19,0,0,0,0.2,0,0.12,0,0,0,0,0,2
2,0,0,0.2,0.29,0,0,0,0.26,0,0,0,0,0,0.25,0,0,0,0,0,8
4,3,0,0,0,0,0,0.18,0,0.27,0.32,0,0,0.23,0,0,0.29,0.29,0.2,0.22,3
6,4,0,0,0,0.19,0,0,0.17,0.23,0.22,0,0.19,0,0,0,0,0,0,0,8
5,3,0,0,0.3,0.26,0,0,0,0,0.17,0,0,0,0.27,0,0.27,0.39,0.14,0.2,4
1,1,0.1,0,0,0,0,0.22,0,0,0,0,0.24,0.23,0.21,0,0.28,0.65,0.4,0.67,8
7,0,0,0,0,0,0.23,0,0,0.29,0,0.3,0,0.18,0,0,0,0,0,0,4
5,5,0,0.28,0.29,0,0,0,0,0,0,0.2,0,0.11,0,0.12,0,0,0,0,8
2,1,0,0,0,0,0.29,0.18,0.38,0,0,0,0.15,0,0,0,0.49,0.47,0.7,0.34,7
4,0,0,0,0,0.35,0,0.23,0,0,0,0,0.17,0.25,0,0,0,0,0,0,3
2,2,0,0,0,0.27,0,0,0.2,0,0.15,0,0.12,0,0,0.26,0,0,0,0,6
7,2,0.17,0.33,0.25,0,0,0,0,0,0,0,0,0.25,0,0,0,0,0,0,5
5,1,0,0,0.4,0,0,0,0,0.27,0,0.15,0,0.18,0,0,0.49,0.63,0.49,0.39,4
6,2,0,0,0.14,0,0,0.2,0,0.28,0,0,0.26,0,0,0.12,0,0,0,0,3
7,3,0.16,0.28,0.24,0,0,0,0,0,0,0.18,0,0,0,0.14,0.16,0.35,0.18,0.31,4
1,0,0,0,0.18,0.35,0,0,0,0,0.28,0,0,0,0.19,0,0,0,0,0,5
7,3,0.14,0.17,0,0,0,0,0,0,0.24,0.21,0,0,0,0.24,0.37,0.15,0.3,0.18,7
2,4,0,0,0,0.26,0,0,0.22,0,0,0.23,0.29000000000000004,0,0,0,0,0,0,0,8
6,0,0,0,0.28,0.37,0,0,0.21,0,0,0,0.14,0,0,0,0,0,0,0,8
5,0,0,0.33,0,0,0,0,0,0,0,0,0.17,0,0.19,0.31,0,0,0,0,3
4,5,0,0,0.19,0,0.31,0,0,0,0.13,0,0.19,0,0,0.18,0,0,0,0,4
1,2,0,0.23,0.14,0,0.28,0,0.22,0.13,0,0,0,0,0,0,0,0,0,0,8
5,5,0.17,0,0,0,0,0,0,0,0,0.24,0.14,0.27,0,0.18,0,0,0,0,6
5,1,0.18,0.29,0.3,0,0,0,0,0,0.23,0,0,0,0,0,0.24,0.3,0.66,0.8,6
1,4,0,0.14,0,0.25,0.19,0,0.14,0,0,0,0,0.27999999999999997,0,0,0,0,0,0,3
5,4,0,0,0,0,0,0,0,0,0.41,0,0,0.22,0.2,0.17,0,0,0,0,3
7,1,0,0.18,0.33,0,0.27,0,0,0,0,0,0,0.22,0,0,0.57,0.31,0.48,0.64,2
4,2,0,0.26,0,0,0,0,0,0.17,0,0.29,0.15,0,0.13,0,0,0,0,0,6
7,3,0,0,0,0,0,0.35,0.2,0.31,0,0,0,0,0,0.14,0.14,0.15,0.35,0.36,8
1,0,0,0.28,0,0,0,0,0,0,0,0.22,0,0.29,0.21,0,0,0,0,0,5
1,3,0.31,0,0,0,0,0,0,0.29,0,0,0,0.27,0,0.13,0.27,0.31,0.13,0.29,5
1,0,0,0.15,0,0,0.21,0,0,0,0.27,0.25,0.12,0,0,0,0,0,0,0,6
7,5,0,0.29,0,0,0,0,0,0,0,0,0,0.21,0.19,0.31,0,0,0,0,4
3,1,0,0,0.22,0.22,0,0,0.21,0,0,0,0.12,0,0.22999999999999998,0,0.6,0.6,0.22,0.58,6
6,5,0,0.12,0.21,0,0,0,0,0,0,0.25,0,0.22,0,0.2,0,0,0,0,2
3,3,0,0.24,0,0.24,0,0,0,0,0.19,0.19,0,0,0.14,0,0.25,0.33999999999999997,0.08,0.33,8
2,5,0.24,0,0,0,0.27,0,0,0,0.27,0.22,0,0,0,0,0,0,0,0,3
1,4,0.2,0,0,0,0,0.12,0,0,0,0.22,0.26,0.2,0,0,0,0,0,0,5
1,5,0,0,0,0,0,0,0.22,0,0,0,0.21,0,0.18,0.39,0,0,0,0,3
3,2,0,0,0,0,0.25,0,0,0.17,0,0,0.15,0,0.25,0.18,0,0,0,0,3
5,5,0.43,0.17,0,0,0,0,0,0,0,0,0,0,0.18,0.22,0,0,0,0,4
1,3,0.35,0,0,0.22,0,0,0,0,0,0,0,0,0.18,0.25,0.15,0.14,0.33,0.38,7
1,5,0,0,0.19,0,0.26,0.23,0.17,0.15,0,0,0,0,0,0,0,0,0,0,5
1,2,0,0,0.32,0.3,0,0,0.14,0,0,0,0,0,0.24,0,0,0,0,0,8
7,0,0,0,0,0.2,0.23,0.27,0,0,0,0,0.12,0,0,0.18,0,0,0,0,2
7,2,0.19,0,0.22,0,0.19,0,0.21,0.19,0,0,0,0,0,0,0,0,0,0,8
1,0,0,0.27999999999999997,0,0,0,0,0,0.28,0,0,0,0.28,0,0.16,0,0,0,0,3
1,3,0.17,0.26,0,0,0,0,0,0,0.32,0,0.25,0,0,0,0.35000000000000003,0.24,0.27,0.14,4
2,1,0,0,0.22,0,0,0,0.25,0,0.17,0.19,0.17,0,0,0,0.51,0.53,0.45,0.51,5
2,4,0,0,0.12,0.32,0,0.25,0,0,0,0,0,0.31,0,0,0,0,0,0,6
5,5,0,0,0.16,0,0,0.21,0.21,0,0.27999999999999997,0,0,0,0,0.14,0,0,0,0,4
4,5,0,0.17,0,0,0,0.15,0.15,0,0.27,0.26,0,0,0,0,0,0,0,0,3
6,4,0.21,0,0,0.16,0,0,0,0.16,0,0.21,0,0.26,0,0,0,0,0,0,8
6,0,0,0,0,0,0,0,0.28,0,0.12,0,0.21,0.25,0,0.14,0,0,0,0,7
1,5,0,0,0.24,0.13,0,0,0.19,0,0,0,0.25,0,0,0.19,0,0,0,0,3
3,2,0,0,0,0,0,0,0,0,0,0,0.17,0.29,0.32,0.22,0,0,0,0,2
1,3,0,0,0.14,0.27,0,0,0,0,0.23,0,0.22,0,0.14,0,0.28,0.3,0.24,0.18,6
4,5,0,0,0,0,0,0,0,0,0.28,0,0,0.28,0.24,0.2,0,0,0,0,4
2,5,0,0,0.16,0,0.25,0,0.17,0,0,0.17,0,0,0.25,0,0,0,0,0,3
1,4,0,0.24,0,0,0,0,0.31,0,0,0,0,0.22,0.23,0,0,0,0,0,3
7,3,0,0,0,0,0.14,0,0.34,0.32,0,0,0,0.2,0,0,0.3,0.27,0.21,0.22,3
6,1,0.3,0,0,0,0,0.23,0,0.17,0,0,0,0,0,0.3,0.36,0.64,0.73,0.27,8
3,2,0,0,0.29,0,0,0.22,0,0,0,0,0.32,0,0,0.17,0,0,0,0,8
7,3,0,0,0,0,0,0.2,0,0,0,0,0,0.24,0.32,0.24,0.26,0.42,0.14,0.18,5
6,4,0,0,0,0,0.23,0,0,0.21,0.18,0,0,0.25,0.13,0,0,0,0,0,7
5,5,0,0.23,0.32,0.12,0,0,0,0,0,0.14,0,0,0.19,0,0,0,0,0,6
7,5,0,0,0,0,0,0,0.27,0,0,0,0,0.3,0.32,0.11,0,0,0,0,4
1,1,0,0.24,0,0,0,0.19,0.3,0,0,0.27,0,0,0,0,0.73,0.29,0.73,0.25,4
4,1,0,0.25,0,0,0,0,0,0.33,0.22,0,0.2,0,0,0,0.44,0.44,0.75,0.37,6
1,5,0,0,0,0,0,0,0.12,0,0,0.28,0,0.2,0.27,0.13,0,0,0,0,6
5,5,0,0,0,0.22,0,0.28,0.27,0,0,0,0,0.23,0,0,0,0,0,0,8
4,2,0.3,0,0,0,0,0.25,0,0,0,0.13,0.32,0,0,0,0,0,0,0,3
3,5,0,0,0,0,0,0.14,0.17,0.33,0,0,0,0.17,0,0.19,0,0,0,0,8
5,2,0,0.17,0,0,0.1,0,0,0,0.22,0,0.24,0,0.27,0,0,0,0,0,3
6,0,0.38,0,0.34,0.14,0,0,0,0,0.14,0,0,0,0,0,0,0,0,0,2
7,5,0,0.28,0.29,0,0.16,0,0,0,0.27,0,0,0,0,0,0,0,0,0,7
2,3,0,0,0,0,0.21,0,0.37,0,0.2,0,0.22,0,0,0,0.41000000000000003,0.22,0.26,0.11,5
5,4,0,0.24,0,0,0,0,0,0,0,0,0.21,0.13,0.16,0.26,0,0,0,0,4
1,3,0.15,0,0.22,0,0,0,0,0.2,0.22,0,0,0,0,0.21,0.24,0.22,0.37,0.17,4
1,5,0.23,0,0,0,0,0,0,0.28,0.24,0,0,0,0,0.25,0,0,0,0,8
4,0,0.29,0.22,0,0,0,0,0,0,0.31,0.18,0,0,0,0,0,0,0,0,7
7,4,0,0,0,0,0.24,0,0.25,0,0,0,0,0.17,0.17,0.17,0,0,0,0,8
6,2,0.36,0,0,0.15,0,0.15,0,0,0,0,0.18,0.16,0,0,0,0,0,0,8
4,5,0,0,0,0.16,0,0,0,0,0.26,0.15,0,0.18,0.25,0,0,0,0,0,7
2,5,0.16,0,0,0,0,0.15,0.24,0.25,0.2,0,0,0,0,0,0,0,0,0,6
4,3,0.23,0,0,0.25,0.19,0,0,0,0,0,0.17,0,0.16,0,0.18,0.39,0.2,0.23,5
5,3,0.3,0.21,0,0,0,0,0,0.21,0.28,0,0,0,0,0,0.32,0.2,0.12,0.36,6
3,3,0,0.19,0,0.2,0,0.2,0,0,0,0,0,0,0,0.41000000000000003,0.31,0.16,0.27,0.26,5
4,4,0,0,0.14,0.14,0,0,0,0,0,0,0.27,0,0.19,0.26,0,0,0,0,6
3,4,0.38,0.16,0,0,0,0,0,0,0,0,0,0,0.3,0.16,0,0,0,0,3
5,2,0,0.15,0,0,0,0,0,0,0,0,0.29,0.19,0.13,0.24,0,0,0,0,2
6,1,0,0,0,0.28,0,0,0.22,0,0,0,0,0,0.31,0.19,0.32,0.65,0.4,0.63,2
1,2,0.16,0,0.26,0,0.28,0,0,0.16,0,0,0.14,0,0,0,0,0,0,0,5
5,2,0.26,0,0.1,0.21,0,0,0,0,0,0,0.24,0.19,0,0,0,0,0,0,5
5,3,0,0,0,0.19,0,0,0,0,0.2,0,0.3,0,0.31,0,0.37,0.32,0.1,0.21,3
4,0,0,0,0.16,0,0,0.15,0,0,0,0.28,0.14,0,0.27,0,0,0,0,0,5
5,0,0,0.23,0,0,0,0,0,0.29,0,0,0.18,0.14,0.16,0,0,0,0,0,6
5,1,0.11,0,0,0.21,0,0,0,0,0.24,0,0.25,0.19,0,0,0.62,0.52,0.62,0.24,8
5,5,0,0,0.24,0,0,0.33,0,0,0,0.19,0,0,0.24,0,0,0,0,0,2
5,2,0,0,0.17,0.26,0,0,0.15,0,0,0.21,0,0,0.21,0,0,0,0,0,7
5,5,0,0,0.27,0,0,0.18,0,0.12,0.28,0,0.15,0,0,0,0,0,0,0,6
5,5,0,0,0.25,0.17,0,0,0.21,0,0.16,0.21,0,0,0,0,0,0,0,0,4
6,2,0,0,0,0.19,0,0,0.23,0.2,0,0,0,0,0.19,0.19,0,0,0,0,5
4,1,0.19,0,0,0,0.21,0,0.22,0,0,0.23,0,0,0.15,0,0.56,0.25,0.7,0.49,5
6,0,0,0,0,0.15,0,0.28,0.3,0,0.27,0,0,0,0,0,0,0,0,0,8
1,2,0,0,0,0,0,0.28,0,0,0.28,0,0.19,0,0.25,0,0,0,0,0,6
4,0,0,0,0.13,0.33,0,0,0,0,0,0,0.28,0.12,0,0.14,0,0,0,0,7
6,5,0.28,0,0,0,0,0.24,0,0,0,0,0.29,0,0.19,0,0,0,0,0,2
7,0,0.24,0,0,0,0.17,0,0,0,0,0,0,0.36,0,0.23,0,0,0,0,2
5,4,0,0,0,0,0.3,0,0.31,0.14,0,0,0,0,0.25,0,0,0,0,0,2
3,2,0,0,0.24,0.13,0,0,0,0.27,0.12,0.24,0,0,0,0,0,0,0,0,1
3,1,0,0,0.24,0,0,0.26,0,0.2,0,0,0,0,0.14,0.16,0.3,1.0,0.4,0.3,2
1,4,0.26,0,0,0,0.18,0.18,0,0,0,0.38,0,0,0,0,0,0,0,0,2
1,0,0,0,0,0,0.19,0,0,0.21,0,0,0.24,0,0,0.36,0,0,0,0,6
7,1,0,0,0,0.18,0,0,0.25,0.11,0.22,0,0.24,0,0,0,0.61,0.42,0.35,0.62,5
7,5,0,0.25,0,0,0.09,0.23,0.23,0.2,0,0,0,0,0,0,0,0,0,0,7
1,1,0,0.12,0.27,0,0,0.24,0,0.24,0,0,0,0.13,0,0,0.29,0.61,0.71,0.39,7
6,3,0,0,0,0.3,0.22,0,0,0.2,0,0.28,0,0,0,0,0.3,0.27,0.25,0.18,6
1,4,0.25,0.13,0,0,0,0,0.21,0,0.25,0.16,0,0,0,0,0,0,0,0,2
3,2,0,0.17,0,0.2,0.24,0,0,0,0,0,0.39,0,0,0,0,0,0,0,1
2,3,0,0,0,0,0,0.33,0.17,0,0.16,0,0,0,0,0.34,0.22,0.23,0.26,0.29000000000000004,8
5,4,0,0,0,0.2,0.28,0.16,0,0.36,0,0,0,0,0,0,0,0,0,0,6
3,2,0,0.23,0.2,0,0,0.2,0,0,0,0.13,0,0.24,0,0,0,0,0,0,7
1,4,0.23,0.23,0,0,0,0,0,0,0.28,0,0,0,0,0.26,0,0,0,0,4
3,2,0.2,0,0,0,0.26,0,0.12,0,0,0,0,0.21,0,0.21,0,0,0,0,3
1,4,0,0.29,0,0,0,0.27,0,0.16,0,0,0,0.28,0,0,0,0,0,0,2
1,2,0.23,0.23,0,0.22,0,0,0,0,0,0.24,0.08,0,0,0,0,0,0,0,4
3,3,0,0,0,0.12,0,0,0,0.23,0.2,0,0,0.24,0,0.21,0.32,0.13,0.37,0.18,6
5,0,0,0.26,0,0,0,0,0.19,0.16,0.2,0,0,0,0,0.19,0,0,0,0,8
2,2,0,0.27,0.12,0.24,0,0.21,0,0,0,0,0,0,0,0.16,0,0,0,0,8
4,0,0.24,0,0.28,0.18,0,0,0,0,0,0.17,0,0,0,0.13,0,0,0,0,2
3,3,0,0,0,0,0,0,0.17,0.28,0.12,0.24,0,0.19,0,0,0.42,0.33,0.13,0.12,1
2,0,0,0,0,0.2,0.35,0.26,0,0,0,0,0.19,0,0,0,0,0,0,0,3
2,1,0,0,0,0.18,0,0.18,0,0,0,0,0.29,0.22,0,0.13,0.34,0.64,0.28,0.74,2
2,3,0,0,0.18,0,0,0,0,0,0.22,0,0,0.36,0,0.24,0.27,0.14,0.31,0.28,6
2,5,0,0.25,0,0,0.17,0,0,0,0,0,0.25,0,0.33,0,0,0,0,0,3
7,5,0,0,0,0,0.25,0.24,0,0,0.33,0,0.18,0,0,0,0,0,0,0,7
5,1,0.23,0,0,0,0.17,0,0,0,0.23,0.25,0.12,0,0,0,0.6,0.2,0.62,0.58,8
2,0,0,0.28,0,0.17,0,0,0,0.17,0,0,0.38,0,0,0,0,0,0,0,5
3,5,0,0,0,0,0,0.23,0.17,0.2,0,0,0,0,0.18,0.22,0,0,0,0,7
3,4,0.24,0.15,0,0.21,0,0,0,0,0,0.16,0.24,0,0,0,0,0,0,0,4
2,0,0,0.23,0,0,0,0.16,0,0,0,0.25,0.12,0,0.24,0,0,0,0,0,1
4,1,0.26,0,0,0,0.1,0.31,0,0,0.22,0,0.11,0,0,0,0.19,0.53,0.58,0.7,3
1,0,0,0,0,0.24,0.18,0,0.22,0,0,0.21,0,0.15,0,0,0,0,0,0,5
7,0,0.14,0.12,0.25,0,0,0.31,0,0,0,0,0.18,0,0,0,0,0,0,0,8
1,3,0,0,0,0,0.24000000000000002,0,0,0,0,0,0.23,0.22,0.2,0.11,0.3,0.1,0.36,0.24,3
7,0,0,0.31,0,0,0.22,0,0,0,0,0,0,0.19,0,0.28,0,0,0,0,4
4,5,0,0,0,0,0.11,0,0.3,0,0.15,0.29,0,0,0,0.15,0,0,0,0,1
2,0,0,0,0.18,0,0,0,0.19,0,0,0,0.14,0.31,0,0.18,0,0,0,0,3
6,2,0,0.25,0,0.31,0.3,0,0,0,0,0,0,0.14,0,0,0,0,0,0,3
4,5,0.2,0,0,0.18,0,0,0,0,0,0,0.23,0,0.18,0.21,0,0,0,0,5
7,5,0.31,0,0.1,0,0,0,0.28,0.18,0,0,0.13,0,0,0,0,0,0,0,3
3,4,0,0,0,0.14,0.18,0.26,0.15,0,0,0.27,0,0,0,0,0,0,0,0,7
1,1,0,0,0.29,0,0.18,0,0,0.19,0,0,0.34,0,0,0,0.22,0.59,0.56,0.63,2
5,3,0.2,0,0,0,0,0,0,0.24000000000000002,0.12,0,0.22,0.22,0,0,0.25,0.25,0.24,0.26,7
3,1,0,0.15,0.22,0,0,0,0.25,0,0.22,0,0,0,0.16,0,0.34,0.19,0.77,0.7,5
6,5,0,0,0,0,0.22,0,0.3,0.29,0,0,0.19,0,0,0,0,0,0,0,8
4,3,0,0,0,0.22,0.14,0,0,0.1,0,0,0,0,0.25,0.29,0.24,0.11,0.37,0.28,8
5,5,0,0.21,0,0,0.37,0,0.24,0,0,0,0,0,0.18,0,0,0,0,0,2
5,0,0.19,0.2,0.21,0,0.22,0,0.18,0,0,0,0,0,0,0,0,0,0,0,4
3,1,0.12,0.24,0,0.25,0,0,0.12,0,0,0.27,0,0,0,0,0.47,0.43,0.72,0.38,4
2,0,0,0,0,0,0.31,0,0.12,0,0.14,0,0,0.12,0.31,0,0,0,0,0,4
7,1,0,0,0,0,0.32,0.19,0,0.12,0.2,0,0,0,0,0.17,0.38,0.52,0.3,0.8,2
6,5,0.36,0.2,0,0,0,0,0,0.28,0,0,0,0,0,0.16,0,0,0,0,6
3,4,0,0.14,0,0.12,0,0,0.29,0,0.27,0,0,0,0.18,0,0,0,0,0,8
6,0,0,0,0.14,0,0.24,0,0,0.29,0,0,0.13,0.2,0,0,0,0,0,0,6
6,3,0,0.26,0.39999999999999997,0,0,0,0,0.19,0,0,0.15,0,0,0,0.18,0.27,0.27999999999999997,0.27,7
2,2,0,0,0,0.19,0,0,0,0,0,0.42,0.15,0,0,0.24,0,0,0,0,5
3,4,0,0.14,0,0,0,0,0,0.14,0.21,0,0.24,0.27,0,0,0,0,0,0,5
5,0,0,0,0,0,0,0.33,0,0,0,0.13,0.13,0.22,0,0.19,0,0,0,0,4
3,0,0,0,0,0.2,0,0,0,0,0,0.25,0.19,0,0.2,0.16,0,0,0,0,2
4,5,0,0,0.22,0,0,0.22,0,0,0,0,0,0.29,0.15,0.12,0,0,0,0,3
4,4,0.37,0.22,0.16,0,0,0,0.25,0,0,0,0,0,0,0,0,0,0,0,5
2,0,0.15,0.26,0,0,0,0,0,0,0,0,0.3,0.29,0,0,0,0,0,0,3
7,1,0.28,0,0,0,0,0,0,0,0,0.11,0.31,0,0.3,0,0.74,0.27,0.25,0.74,2
2,5,0.16,0.17,0,0.23,0.22,0,0.22,0,0,0,0,0,0,0,0,0,0,0,2
6,1,0,0,0.22,0,0.22,0,0.15,0,0.18,0,0.23,0,0,0,0.28,0.71,0.51,0.5,6
4,5,0,0,0.17,0,0,0,0,0,0,0.14,0.2,0,0.17,0.32,0,0,0,0,3
2,4,0,0.26,0,0.17,0,0.3,0,0,0,0,0,0.12,0.15,0,0,0,0,0,2
1,0,0,0,0,0,0,0,0,0,0,0.22,0.18,0.31,0.15,0.14,0,0,0,0,2
7,3,0,0.26,0,0.24,0.16,0,0.15,0,0,0.19,0,0,0,0,0.25,0.23,0.25,0.27,8
1,5,0,0.16,0.13,0,0.3,0,0,0.2,0,0,0.21,0,0,0,0,0,0,0,3
4,3,0,0,0.24,0,0,0,0,0.18,0,0,0,0.32,0.26,0,0.4,0.26,0.08,0.26,2
1,0,0,0,0,0,0,0.25,0,0.22,0.28,0,0,0.25,0,0,0,0,0,0,1
1,5,0,0,0.25,0.25,0,0,0,0.1,0,0,0.22,0.18,0,0,0,0,0,0,5
4,0,0,0,0,0.25,0,0,0.29,0,0.2,0.26,0,0,0,0,0,0,0,0,3
7,4,0.18,0,0,0,0,0.2,0,0,0.17,0.27999999999999997,0,0.17,0,0,0,0,0,0,4
3,5,0.25,0.31,0,0,0,0.28,0,0,0,0,0,0,0,0.16,0,0,0,0,5
6,2,0,0,0,0,0.35000000000000003,0.25,0.12,0,0,0.16,0.12,0,0,0,0,0,0,0,3
5,3,0.23,0.16,0.16,0.3,0,0,0.15,0,0,0,0,0,0,0,0.41000000000000003,0.3,0.09,0.2,7
4,2,0,0,0,0.23,0,0,0.31,0.16,0,0,0,0,0.3,0,0,0,0,0,2
6,2,0,0,0,0.21,0.19,0.28,0,0,0,0,0,0,0,0.32,0,0,0,0,7
2,4,0.27,0,0,0,0.27,0,0,0.31,0,0,0,0,0.15,0,0,0,0,0,4
3,2,0,0.28,0.24,0,0,0,0,0,0,0,0.25,0.23,0,0,0,0,0,0,5
2,1,0,0,0,0.11,0,0,0.33,0.26,0.13,0.17,0,0,0,0,0.44,0.74,0.53,0.29,4
4,4,0,0.17,0,0.25,0,0,0,0.17,0,0,0,0.15,0,0.26,0,0,0,0,4
5,1,0,0,0.18,0.38,0,0,0,0,0.24,0,0,0,0,0.2,0.26,0.9,0.58,0.26,5
1,0,0.26,0,0,0.31,0,0,0,0,0,0.27,0,0.16,0,0,0,0,0,0,6
7,0,0,0,0,0,0.21,0,0,0.22,0,0.24,0,0,0.33,0,0,0,0,0,6
2,0,0.24,0,0,0,0,0,0,0,0.22,0,0.2,0.34,0,0,0,0,0,0,1
3,3,0,0,0.15,0,0,0.22,0.14,0.25,0,0.24,0,0,0,0,0.13,0.1,0.44,0.33,2
7,3,0,0,0,0.35,0,0.24,0,0,0,0.23,0,0.18,0,0,0.36,0.25,0.26,0.13,5
1,3,0,0,0,0,0,0.2,0.22,0,0,0,0.32,0.26,0,0,0.24,0.34,0.28,0.14,2
4,3,0,0,0.14,0,0,0.26,0,0,0,0.31,0,0,0,0.29,0.37,0.25,0.08,0.3,7
5,5,0,0,0,0.17,0,0.23,0.27,0,0,0.16,0.17,0,0,0,0,0,0,0,3
6,5,0.19,0,0,0,0,0,0,0.14,0,0,0,0.17,0.25,0.25,0,0,0,0,6
7,1,0,0.34,0,0,0,0,0,0,0,0.15,0.28,0.23,0,0,0.57,0.6,0.65,0.18,7
6,4,0,0,0.18,0.21,0,0,0.2,0.2,0,0,0,0.21,0,0,0,0,0,0,4
2,4,0,0.31,0,0,0.2,0,0,0,0,0.26,0,0,0,0.23,0,0,0,0,1
7,1,0,0,0,0,0,0.28,0,0,0,0.23,0,0.15,0.34,0,0.49,0.74,0.47,0.3,4
4,3,0,0,0.32,0,0,0,0.28,0,0,0.17,0,0,0.23,0,0.34,0.39,0.13,0.14,3
3,5,0,0,0.13,0.16,0,0,0,0,0,0.21,0.28,0,0.22,0,0,0,0,0,3
1,1,0,0.24,0.27,0,0,0,0,0,0,0.26,0,0,0.23,0,0.54,0.43,0.25,0.78,4
3,5,0,0,0,0,0.16,0,0.21,0.2,0,0,0.23,0,0.2,0,0,0,0,0,6
1,3,0,0.28,0,0,0,0,0,0,0.25,0.23,0,0,0,0.24,0.12,0.14,0.36,0.38,4
1,2,0.26,0,0,0,0,0,0.13,0,0,0,0.24,0.25,0,0.12,0,0,0,0,5
3,1,0,0.22,0,0,0,0,0.29,0.26,0,0,0.23,0,0,0,0.43,0.64,0.37,0.56,2
4,1,0,0.18,0,0,0,0.32,0.18,0,0.19,0,0,0,0.13,0,0.52,0.43,0.65,0.4,6
6,1,0,0.12,0,0.26,0,0,0,0,0,0,0.29000000000000004,0,0.17,0.16,0.4,0.53,0.73,0.34,2
2,1,0.33,0,0,0,0.17,0,0,0,0.26,0,0,0.24,0,0,0.57,0.59,0.17,0.67,8
4,5,0,0,0.22,0,0,0,0,0.14,0,0.21,0,0.28,0,0.15,0,0,0,0,6
1,3,0,0,0.3,0.28,0,0.25,0.17,0,0,0,0,0,0,0,0.19,0.13,0.3,0.38,5
2,1,0.13,0,0,0,0,0,0.2,0,0.26,0,0.16,0.25,0,0,0.42,0.53,0.27,0.78,6
3,0,0.17,0.22,0,0,0,0,0.2,0,0,0.22,0,0,0.19,0,0,0,0,0,8
5,2,0,0.23,0,0.22,0,0,0,0,0.15,0,0.13,0.27,0,0,0,0,0,0,8
2,0,0,0,0.27,0.1,0,0,0.12,0,0.27,0.24,0,0,0,0,0,0,0,0,5
1,4,0,0.26,0,0,0,0.42,0.17,0.15,0,0,0,0,0,0,0,0,0,0,3
3,5,0,0,0.18,0,0,0.32,0.27,0,0,0,0,0,0,0.23,0,0,0,0,6
2,0,0,0,0.23,0,0.13,0,0,0,0,0,0,0.29,0.16,0.19,0,0,0,0,1
7,0,0.2,0,0.35,0,0,0,0.24,0,0,0,0.21,0,0,0,0,0,0,0,8
7,0,0,0,0.17,0.31,0,0,0,0,0,0,0.19,0,0,0.33,0,0,0,0,5
6,4,0,0.3,0.33,0.14,0,0,0,0,0.23,0,0,0,0,0,0,0,0,0,8
4,3,0,0,0,0,0,0,0.26,0,0.24,0,0,0,0.33,0.17,0.29000000000000004,0.19,0.25,0.27,7
7,0,0.18,0.16,0,0,0,0.23,0,0,0.22999999999999998,0,0,0.2,0,0,0,0,0,0,2
3,2,0.27,0,0,0,0,0,0.24,0,0,0,0,0,0.3,0.19,0,0,0,0,3
4,5,0,0.3,0,0,0,0.2,0,0,0,0,0.21,0.29,0,0,0,0,0,0,7
2,0,0,0,0,0,0,0,0,0,0.27,0.15,0,0,0.3,0.28,0,0,0,0,3
7,5,0,0,0,0.23,0,0,0,0.19,0.11,0,0,0.26,0,0.21,0,0,0,0,6
2,5,0,0.31,0,0,0.31,0,0,0,0.17,0,0.21,0,0,0,0,0,0,0,3
4,2,0.17,0,0.29,0,0,0,0.28,0,0,0.26,0,0,0,0,0,0,0,0,3
2,3,0,0.25,0,0,0,0,0,0.23,0.16,0,0,0,0.1,0.26,0.28,0.41,0.14,0.17,5
7,1,0,0.34,0,0,0,0,0.3,0,0,0.19,0,0.17,0,0,0.47,0.62,0.43,0.48,2
6,0,0.15,0,0,0.33,0,0.32,0.2,0,0,0,0,0,0,0,0,0,0,0,6
6,2,0,0,0.24,0,0,0.25,0,0,0.17,0.09,0,0.25,0,0,0,0,0,0,5
2,4,0,0,0.12,0.19,0,0,0.23,0,0,0.23,0,0,0.23,0,0,0,0,0,7
6,4,0,0,0.27,0,0,0.2,0,0,0.27,0,0,0,0.26,0,0,0,0,0,3
6,5,0,0,0,0,0,0,0,0.24,0,0.17,0.29,0,0,0.3,0,0,0,0,5
7,2,0.26,0,0,0,0.13,0,0.19,0.25,0,0,0,0,0.17,0,0,0,0,0,7
1,5,0,0,0,0,0.21,0,0.22999999999999998,0.15,0,0,0.18,0,0,0.23,0,0,0,0,1
7,0,0,0,0.28,0,0.13,0,0,0.14,0,0,0,0.16,0.29,0,0,0,0,0,2
6,2,0,0.17,0.23,0,0,0,0,0,0.25,0,0.12,0,0,0.23,0,0,0,0,6
3,2,0.13,0,0,0,0.31,0,0.23,0,0.15,0,0.18,0,0,0,0,0,0,0,6
6,5,0,0,0,0,0,0.45,0.17,0,0,0.18,0,0,0,0.2,0,0,0,0,3
3,4,0,0,0.23,0,0,0,0,0.1,0,0.27,0,0,0.21,0.19,0,0,0,0,4
7,2,0,0.14,0,0,0,0,0.22,0.25,0.14,0,0.25,0,0,0,0,0,0,0,7
5,0,0,0,0,0.31,0.29,0.21,0,0,0,0.19,0,0,0,0,0,0,0,0,7
2,4,0,0,0.2,0,0.22,0,0,0.17,0.14,0,0.27,0,0,0,0,0,0,0,3
4,3,0,0.26,0,0,0,0.29,0,0.17,0,0.12,0,0,0.16,0,0.21,0.31,0.12,0.36,3
3,5,0.23,0.18,0,0,0.12,0,0,0,0.22,0,0,0,0.25,0,0,0,0,0,6
5,5,0,0,0.22,0.16,0,0,0.37,0,0.25,0,0,0,0,0,0,0,0,0,8
6,2,0,0,0.18,0,0,0,0.2,0,0.2,0.21,0,0,0,0.21,0,0,0,0,1
4,5,0,0.14,0,0.14,0,0.21,0,0,0.25,0,0,0,0.26,0,0,0,0,0,6
6,0,0.2,0.17,0.12,0,0,0,0,0,0.19,0,0,0,0.32,0,0,0,0,0,1
4,4,0.12,0,0,0,0.23,0.23,0,0.19,0,0,0,0,0.23,0,0,0,0,0,1
3,2,0,0,0,0.25,0,0,0,0,0.23,0,0.27,0.12,0.13,0,0,0,0,0,3
4,2,0,0,0.17,0,0,0.32,0.22,0,0,0,0.11,0,0.18,0,0,0,0,0,5
7,4,0,0.18,0,0,0.25,0,0.2,0.19,0,0,0,0,0.18,0,0,0,0,0,2
6,2,0,0,0,0,0,0,0.26,0.3,0,0.16,0,0,0,0.28,0,0,0,0,6
6,5,0.19,0,0,0,0.2,0.31,0,0,0,0.13,0.17,0,0,0,0,0,0,0,5
1,1,0,0,0,0,0,0,0.13,0.19,0.14,0.29,0.25,0,0,0,0.91,0.24,0.28,0.57,1
4,0,0,0,0.21,0,0.27,0,0,0,0,0.28,0,0,0,0.24,0,0,0,0,8
1,0,0.18,0,0,0,0,0.15,0,0.2,0.18,0,0,0,0.29,0,0,0,0,0,7
3,3,0,0,0.19,0,0,0,0,0,0,0,0.28,0,0.34,0.19,0.28,0.26,0.29,0.17,2
7,3,0,0.14,0.24,0,0,0,0,0,0,0.18,0.27,0.17,0,0,0.16,0.31,0.41,0.12,8
5,3,0,0,0,0.2,0,0.4,0,0,0.26,0,0.14,0,0,0,0.37,0.3,0.16,0.17,2
7,4,0.23,0,0.13,0,0.11,0.26,0,0,0,0.27,0,0,0,0,0,0,0,0,2
5,3,0,0.16,0.28,0.2,0,0,0,0.24,0,0,0,0,0,0.12,0.31,0.36,0.23,0.1,6
1,2,0.25,0,0.18,0,0,0,0,0.38,0,0,0,0,0,0.19,0,0,0,0,2
4,2,0,0.14,0,0.34,0,0,0,0,0.16,0,0,0,0.36,0,0,0,0,0,5
2,5,0,0,0,0,0,0,0,0.22,0.12,0.17,0,0.24,0,0.25,0,0,0,0,3
2,3,0,0.26,0,0,0.12,0,0,0,0.19,0.18,0,0,0.25,0,0.15,0.3,0.28,0.27,3
6,2,0,0,0,0,0.22,0.33,0,0,0,0.2,0.25,0,0,0,0,0,0,0,2
5,4,0,0,0,0.22,0,0,0,0.24,0.26,0,0,0.28,0,0,0,0,0,0,2
2,0,0,0,0.23,0,0,0,0,0.21,0.12,0,0.24,0,0,0.2,0,0,0,0,8
7,2,0,0,0.31,0.15,0,0.19,0,0.23,0,0,0,0,0,0.12,0,0,0,0,1
7,4,0,0.22,0,0,0,0,0,0.22,0,0.25,0,0.09,0.22,0,0,0,0,0,2
4,4,0,0,0,0.16,0,0,0.29,0,0,0,0,0,0.35,0.2,0,0,0,0,6
3,0,0.27,0,0.11,0,0,0,0,0.22,0,0,0,0,0.29,0.11,0,0,0,0,7
4,3,0,0,0,0.22,0,0,0.2,0,0.14,0.22,0.22,0,0,0,0.09,0.22,0.35000000000000003,0.34,7
2,4,0,0,0,0.15,0.3,0,0.13,0,0,0,0,0,0.21,0.21,0,0,0,0,8
7,0,0,0,0,0,0,0,0,0.34,0.17,0,0.3,0.19,0,0,0,0,0,0,2
1,0,0,0.31,0,0,0.21,0,0.27,0.21,0,0,0,0,0,0,0,0,0,0,3
3,1,0,0,0,0,0,0.27,0.25,0,0.26,0.22,0,0,0,0,0.19,0.58,0.44,0.79,7
2,3,0,0,0.23,0,0,0,0,0.24,0,0.28,0,0.25,0,0,0.33,0.23,0.28,0.16,2
2,3,0,0,0,0,0,0,0,0.33,0.19,0,0,0.19,0.29,0,0.33,0.31,0.19,0.17,6
1,3,0.13,0,0,0.36,0,0,0.17,0,0,0,0,0,0,0.34,0.19,0.21,0.31,0.29,1
6,0,0.21,0,0,0,0,0.14,0.18,0,0,0,0,0.27,0,0.2,0,0,0,0,5
4,3,0.22,0.19,0.17,0,0.11,0.31,0,0,0,0,0,0,0,0,0.23,0.2,0.29,0.28,1
1,1,0,0.14,0,0,0,0,0.19,0,0,0,0,0.19,0.14,0.34,0.44,0.36,0.64,0.56,1
4,3,0,0,0.28,0,0,0,0,0,0.29000000000000004,0,0,0.27,0.16,0,0.28,0.19,0.26,0.27,5
4,5,0,0,0,0,0,0,0,0.23,0,0.36,0,0.17,0.24,0,0,0,0,0,6
2,1,0,0.24,0,0,0,0.2,0,0.12,0,0.22999999999999998,0,0,0,0.21,0.51,0.51,0.42,0.56,4
5,2,0.26,0,0,0.35,0,0,0,0,0.16,0,0.23,0,0,0,0,0,0,0,3
4,3,0.21,0,0,0,0,0,0.28,0,0.1,0,0.26,0,0,0.15,0.54,0.12,0.18,0.16,4
3,1,0.15,0,0.25,0.13,0.23,0,0,0,0,0,0,0.24,0,0,0.82,0.21,0.69,0.28,4
7,2,0.3,0,0,0,0,0,0,0.21,0,0,0,0.31,0,0.18,0,0,0,0,8
2,2,0,0.31,0,0,0,0,0.34,0.13,0,0,0,0.22,0,0,0,0,0,0,4
2,3,0,0,0,0,0.23,0,0,0,0.18,0.28,0,0,0.31,0,0.28,0.2,0.18,0.34,2
4,5,0,0,0,0.23,0.27,0,0,0,0,0,0,0,0.21,0.29,0,0,0,0,5
2,3,0,0.18,0,0,0.17,0.22,0.27,0,0,0.16,0,0,0,0,0.23,0.33,0.19,0.25,5
1,5,0,0,0,0,0,0,0,0.23,0,0,0,0.19,0.33,0.25,0,0,0,0,1
1,2,0,0,0,0,0.21,0.24,0,0,0,0,0,0,0.27,0.28,0,0,0,0,2
7,1,0,0.18,0,0,0,0,0.22,0,0,0.41000000000000003,0,0,0.19,0,0.46,0.42,0.68,0.44,7
6,3,0,0,0.28,0.21,0,0,0,0,0,0.33,0,0.18,0,0,0.18,0.21,0.37,0.24,7
4,1,0,0,0.17,0.21,0,0,0,0,0,0.22,0.21,0,0.19,0,0.75,0.64,0.34,0.27,6
6,3,0,0,0.19,0,0,0,0.25,0.26,0,0.13,0,0,0,0.17,0.15,0.39,0.24,0.22,4
1,0,0,0,0,0,0.23,0,0.19,0,0.14,0.26,0,0,0,0.18,0,0,0,0,3
4,1,0,0,0,0,0,0.31,0.26,0,0,0,0,0.31,0.12,0,0.58,0.44,0.74,0.24,7
4,4,0,0,0,0,0.26,0,0,0.16,0,0.25,0.23,0,0,0.1,0,0,0,0,6
6,3,0,0,0,0,0.22,0,0,0.15,0.19,0.22,0.22,0,0,0,0.18,0.37,0.15,0.3,3
2,3,0,0.21,0.12,0.15,0,0,0,0,0,0,0.36,0,0,0.16,0.38,0.21,0.24,0.17,5
6,3,0.17,0,0,0,0,0,0,0,0,0,0.3,0,0.32,0.21,0.21,0.2,0.3,0.29,8
7,3,0.13,0.33,0,0.32,0,0,0,0,0,0,0,0,0,0.22,0.17,0.27,0.28,0.28,4
3,2,0,0.14,0.27,0.23,0.19,0,0,0,0,0,0,0.17,0,0,0,0,0,0,6
2,2,0,0.24,0,0,0,0,0,0,0.19,0,0.38,0.19,0,0,0,0,0,0,2
1,0,0,0,0.26,0,0,0,0,0.22,0.11,0,0,0.19,0,0.22,0,0,0,0,7
6,3,0,0,0.28,0.15,0,0.32,0.25,0,0,0,0,0,0,0,0.13,0.31,0.27,0.29,3
5,2,0.17,0,0.21,0.2,0,0,0,0,0,0,0,0.42,0,0,0,0,0,0,6
3,4,0.33,0,0.2,0.13,0,0.16,0,0,0.18,0,0,0,0,0,0,0,0,0,8
2,4,0.17,0,0,0,0,0.25,0.38,0,0,0,0,0.2,0,0,0,0,0,0,1
2,2,0,0.34,0.15,0,0,0.15,0,0,0.36,0,0,0,0,0,0,0,0,0,4
7,4,0.11,0.19,0,0,0,0,0,0,0,0.27999999999999997,0.26,0,0,0.16,0,0,0,0,2
6,3,0.25,0,0,0,0,0.3,0,0,0,0,0,0.14,0,0.31,0.28,0.32,0.1,0.3,4
1,5,0,0.1,0,0.19,0,0.23,0,0.24,0,0,0,0,0,0.24,0,0,0,0,5
3,3,0,0,0,0,0.18,0,0,0,0,0.39,0.21,0.22,0,0,0.19,0.29,0.28,0.24,8
7,2,0.18,0.29000000000000004,0.22,0.18,0,0,0,0,0,0.13,0,0,0,0,0,0,0,0,2
1,5,0,0.12,0,0,0.16,0,0,0,0.26,0.22,0.24,0,0,0,0,0,0,0,4
5,3,0,0.19,0,0,0,0.2,0,0.14,0,0.22,0,0.25,0,0,0.37,0.21,0.27,0.15,4
1,5,0,0.13,0,0.23,0,0.17,0,0,0,0,0.15,0.32,0,0,0,0,0,0,7
6,3,0,0,0.15,0,0,0,0,0.24,0,0,0.27,0.34,0,0,0.57,0.13,0.15,0.15,8
1,2,0,0.27,0,0,0,0,0,0.22,0,0,0.32,0,0,0.19,0,0,0,0,3
5,0,0.23,0,0,0.22,0,0.19,0,0.21,0.15,0,0,0,0,0,0,0,0,0,6
2,3,0,0.18,0,0,0.35,0,0.34,0,0.13,0,0,0,0,0,0.45,0.22,0.21,0.12,8
4,0,0,0.25,0,0,0.18,0.15,0.18,0,0,0,0,0,0,0.24,0,0,0,0,5
7,2,0,0.15,0,0,0,0,0.14,0,0,0.24,0.25,0,0.22,0,0,0,0,0,5
5,1,0.32,0,0,0,0,0,0.29,0,0,0.16,0,0,0,0.23,0.53,0.7,0.35,0.42,3
6,2,0,0,0,0,0.33,0,0,0.2,0.2,0,0,0,0.27,0,0,0,0,0,4
6,5,0.24,0,0,0.16,0,0,0,0,0,0.28,0,0,0,0.32,0,0,0,0,7
4,0,0,0,0,0,0,0,0.16,0.27,0,0.24,0.33,0,0,0,0,0,0,0,5
7,5,0,0,0.21,0,0.15,0.16,0,0,0,0,0,0,0.3,0.18,0,0,0,0,2
4,0,0,0,0.19,0,0,0,0,0,0.14,0,0.37,0,0.3,0,0,0,0,0,2
2,2,0.22,0,0.17,0,0,0,0,0,0.18,0,0,0.19,0.24,0,0,0,0,0,1
2,5,0.29,0,0,0.21,0.28,0,0.22,0,0,0,0,0,0,0,0,0,0,0,6
6,1,0,0,0,0,0.3,0,0.25,0.27,0,0,0,0.18,0,0,0.33,0.59,0.61,0.47,4
5,5,0.22,0,0,0,0,0,0.29,0,0,0,0.32,0,0.17,0,0,0,0,0,5
5,4,0.16,0.37,0,0,0,0,0,0,0,0.16,0.31,0,0,0,0,0,0,0,7
6,2,0.27,0,0,0.2,0,0,0,0,0,0,0,0.26,0,0.27,0,0,0,0,8
1,2,0.29,0,0,0,0,0,0,0,0,0,0.33999999999999997,0.17,0,0.2,0,0,0,0,4
1,4,0,0,0,0,0,0.26,0,0.2,0,0,0,0,0.26,0.28,0,0,0,0,3
2,5,0.3,0.27,0,0,0,0,0,0.22,0,0,0,0.21,0,0,0,0,0,0,6
2,3,0,0,0.14,0,0.22,0.34,0,0,0,0,0,0,0.3,0,0.27,0.35,0.22,0.16,4
2,1,0,0,0,0,0.18,0.17,0,0,0,0.32,0.18,0,0,0.15,0.37,0.95,0.36,0.32,2
3,5,0,0,0.2,0.31,0,0,0,0,0,0,0,0,0.23,0.26,0,0,0,0,8
1,3,0.29,0,0.18,0.24,0,0,0,0.15,0.14,0,0,0,0,0,0.23,0.42,0.26,0.09,8
4,5,0,0,0,0,0.29,0.24,0.12,0,0,0.23,0,0,0.12,0,0,0,0,0,8
7,2,0,0,0,0,0.23,0.19,0,0.35,0,0,0,0,0.23,0,0,0,0,0,7
4,5,0,0,0,0,0,0,0.17,0.21,0.15,0,0.3,0.17,0,0,0,0,0,0,3
1,1,0.14,0.26,0,0,0,0.19,0,0.27,0,0,0.14,0,0,0,0.75,0.4,0.41,0.44,1
1,5,0,0,0,0,0,0.21,0.29,0.13,0,0,0.25,0,0.12,0,0,0,0,0,7
3,1,0.22,0,0,0,0,0,0.16,0,0,0.28,0,0,0.34,0,0.66,0.57,0.35,0.42,6
7,3,0,0.21,0,0,0,0.12,0.21,0,0.26,0.2,0,0,0,0,0.28,0.3,0.27,0.15,6
5,4,0,0,0,0,0.23,0,0,0.18,0,0.26,0,0.17,0.16,0,0,0,0,0,4
5,5,0,0,0,0.32,0,0,0.12,0,0.21,0,0,0.19,0.16,0,0,0,0,0,1
5,5,0,0,0.29000000000000004,0,0,0.16,0,0,0.18,0,0,0.17,0.2,0,0,0,0,0,8
1,2,0.24,0,0,0,0,0.33,0.21,0.22,0,0,0,0,0,0,0,0,0,0,6
5,3,0,0.26,0.26,0,0,0,0,0,0.32,0.16,0,0,0,0,0.28,0.3,0.21,0.21,4
2,5,0,0.12,0,0.3,0,0.19,0,0,0,0,0,0.22,0,0.17,0,0,0,0,7
4,3,0.25,0,0,0,0.2,0,0,0.2,0,0.35,0,0,0,0,0.21,0.19,0.36,0.24,4
6,1,0,0,0,0,0.14,0.19,0,0,0,0.29,0.22,0,0.16,0,0.57,0.56,0.59,0.28,2
1,3,0,0,0,0,0,0,0.13,0.24,0,0,0,0.27,0.22,0.14,0.17,0.34,0.23,0.26,1
1,2,0,0.23,0,0,0,0.27,0.2,0,0,0,0,0.3,0,0,0,0,0,0,3
6,0,0.16,0.33,0,0,0,0.26,0,0,0.25,0,0,0,0,0,0,0,0,0,1
6,4,0,0,0,0.15,0.1,0,0,0,0.21,0,0.26,0.27999999999999997,0,0,0,0,0,0,3
3,0,0.18,0,0,0.2,0,0.22,0,0,0,0,0.15,0,0,0.25,0,0,0,0,3
3,3,0,0,0,0.27,0,0,0,0,0,0.23,0.22,0,0,0.28,0.22,0.14,0.23,0.41,4
7,4,0.19,0,0,0,0,0,0,0,0,0.35000000000000003,0,0.16,0,0.3,0,0,0,0,4
6,0,0.19,0.16,0,0,0,0.18,0,0.19,0,0,0,0,0,0.28,0,0,0,0,5
7,4,0,0,0.16,0.23,0,0.27999999999999997,0.11,0,0,0,0,0.22,0,0,0,0,0,0,6
4,4,0,0,0,0.29000000000000004,0.18,0,0,0,0,0.19,0.24,0.1,0,0,0,0,0,0,1
2,1,0,0,0,0,0,0.14,0,0.33,0,0,0,0,0.31,0.22,0.19,0.76,0.68,0.37,7
5,3,0.18,0,0,0,0.25,0,0,0,0,0,0,0.32,0.25,0,0.32,0.14,0.27,0.27,6
3,0,0,0.19,0,0,0.31,0,0,0.17,0,0,0.33,0,0,0,0,0,0,0,1
1,0,0,0.32,0,0,0,0,0,0.21,0,0,0.31,0,0.16,0,0,0,0,0,1
7,1,0.12,0,0.29,0,0,0,0.21,0,0,0,0,0.17,0,0.21,0.48,0.4,0.55,0.57,8
1,2,0,0,0,0.18,0,0,0.16,0,0.34,0,0,0,0,0.32,0,0,0,0,4
2,1,0.38,0.2,0,0,0,0,0.15,0,0,0.27,0,0,0,0,0.42,0.36,0.63,0.59,3
4,3,0,0.28,0,0,0.22,0,0,0,0,0,0,0.28,0,0.22,0.15,0.24,0.28,0.33,1
1,3,0,0.2,0,0,0,0.23,0.22,0,0.12,0,0,0,0.23,0,0.39,0.18,0.26,0.17,7
4,4,0,0.27,0.32,0,0,0,0,0,0,0,0,0.29,0.12,0,0,0,0,0,8
2,2,0,0.17,0.3,0,0,0,0,0.31,0.22,0,0,0,0,0,0,0,0,0,6
5,2,0.27999999999999997,0,0.21,0,0,0,0,0,0.26,0,0,0,0,0.25,0,0,0,0,8
1,2,0,0.24,0,0,0,0.27,0.13,0,0,0.16,0.2,0,0,0,0,0,0,0,3
7,2,0,0,0,0.25,0,0,0,0.24,0,0,0.2,0,0.31,0,0,0,0,0,6
5,1,0.21,0.19,0,0,0,0,0.21,0,0,0,0.2,0,0.19,0,0.19,0.86,0.67,0.28,6
1,3,0,0,0.13,0.31,0,0.27,0,0.13,0,0,0,0.16,0,0,0.11,0.25,0.31,0.33,5
2,3,0,0,0.13,0.2,0,0.26,0,0,0.26,0.15,0,0,0,0,0.17,0.43,0.3,0.1,5
4,2,0,0,0,0.17,0.23,0,0.22,0.16,0,0,0,0,0.22,0,0,0,0,0,2
7,5,0.16,0.17,0.17,0,0,0,0,0,0,0.16,0,0.34,0,0,0,0,0,0,5
6,0,0.28,0,0,0.13,0,0.24,0,0,0.19,0.16,0,0,0,0,0,0,0,0,7
1,5,0,0,0.23,0.19,0,0,0.27,0,0.16,0,0.15,0,0,0,0,0,0,0,5
6,4,0,0.2,0.26,0.19,0,0,0,0.35000000000000003,0,0,0,0,0,0,0,0,0,0,1
6,3,0.29,0,0.28,0,0,0,0.13,0.3,0,0,0,0,0,0,0.14,0.39,0.18,0.29,4
5,1,0,0,0,0.24,0.14,0,0,0,0,0.27,0.35,0,0,0,0.65,0.61,0.35,0.39,5
4,4,0,0,0.22,0,0.27,0,0,0,0.35000000000000003,0.16,0,0,0,0,0,0,0,0,1
5,0,0,0.21,0.21,0,0.2,0,0.22,0,0,0,0,0,0,0.16,0,0,0,0,7
1,1,0,0,0,0.31,0.28,0,0,0.11,0,0,0,0,0.3,0,0.36,0.55,0.54,0.55,3
3,4,0,0.17,0,0,0.3,0,0,0,0.16,0,0,0,0.37,0,0,0,0,0,7
4,0,0.17,0,0,0.2,0,0,0,0,0.26,0,0.37,0,0,0,0,0,0,0,8
1,3,0,0,0,0,0,0.2,0.29,0,0.32,0,0,0,0,0.19,0.11,0.15,0.35,0.39,2
5,2,0.14,0,0,0,0.13,0,0.19,0.18,0,0,0.36,0,0,0,0,0,0,0,1
6,4,0,0,0,0.27,0,0,0,0.15,0.27,0,0,0.12,0.19,0,0,0,0,0,4
1,0,0,0,0.19,0,0.26,0.22,0,0.33,0,0,0,0,0,0,0,0,0,0,1
2,1,0.13,0,0,0,0,0,0,0,0.1,0.24,0,0.24,0.29,0,0.38,0.58,0.49,0.55,8
5,3,0,0.22,0,0,0,0,0,0.2,0,0.38,0,0,0.2,0,0.13,0.3,0.27,0.3,6
3,5,0,0.21,0,0,0.23,0,0,0.13,0.31,0,0.12,0,0,0,0,0,0,0,5
1,2,0,0,0.2,0,0,0,0.17,0,0,0,0.28,0,0,0.35000000000000003,0,0,0,0,6
3,2,0.24,0.25,0,0,0.12,0,0,0.21,0,0,0,0,0.18,0,0,0,0,0,6
4,4,0,0.35,0,0,0.18,0,0,0,0,0,0.32,0.15,0,0,0,0,0,0,4
2,2,0,0,0,0,0,0.24,0.1,0,0.23,0.24,0,0,0.19,0,0,0,0,0,1
5,0,0,0.34,0,0,0,0,0,0,0.2,0.26,0,0,0.2,0,0,0,0,0,4
3,0,0.25,0,0,0.13,0.22,0.11,0,0,0,0,0,0,0,0.29,0,0,0,0,8
4,5,0,0,0.39,0,0,0,0.24,0,0.18,0,0,0,0,0.19,0,0,0,0,3
6,1,0,0,0,0.15,0.15,0,0,0,0,0,0,0.19,0.35,0.16,0.4,0.59,0.57,0.44,7
6,4,0,0,0.18,0.29,0,0,0.18,0,0,0,0,0.24,0,0.11,0,0,0,0,6
3,0,0,0.27,0,0,0,0,0,0,0,0.26,0,0.21,0.26,0,0,0,0,0,5
5,4,0,0,0,0,0,0.19,0,0.25,0,0,0.13,0.25,0,0.18,0,0,0,0,8
6,5,0,0,0,0.21,0.17,0,0.29,0,0,0,0,0,0.33,0,0,0,0,0,6
2,3,0,0,0,0,0,0.35,0.24,0,0,0.19,0.22,0,0,0,0.14,0.25,0.35,0.26,4
3,5,0,0.21,0,0,0,0,0.32,0,0.18,0.29,0,0,0,0,0,0,0,0,2
5,3,0,0,0,0.26,0,0,0,0,0,0,0.27,0.21,0,0.26,0.27,0.22,0.29,0.22,5
3,5,0.19,0,0,0,0,0,0,0,0,0.14,0,0,0.37,0.3,0,0,0,0,8
3,3,0.18,0,0,0,0,0,0,0,0.22,0.09,0,0.27,0.24,0,0.26,0.33,0.21,0.2,3
5,3,0,0,0,0,0.12,0,0,0,0.28,0.25,0,0.35,0,0,0.25,0.29,0.34,0.12,7
6,0,0,0,0.19,0,0,0,0,0.19,0.13,0.16,0,0,0,0.33,0,0,0,0,3
